sku,week,demand_qty
MAT-1001,1,191.0
MAT-1001,2,310.0
MAT-1001,3,295.0
MAT-1001,4,333.0
MAT-1001,5,289.0
MAT-1001,6,426.0
MAT-1001,7,433.0
MAT-1001,8,394.0
MAT-1001,9,480.0
MAT-1001,10,442.0
MAT-1001,11,355.0
MAT-1001,12,447.0
MAT-1001,13,356.0
MAT-1001,14,487.0
MAT-1001,15,421.0
MAT-1001,16,408.0
MAT-1001,17,368.0
MAT-1001,18,496.0
MAT-1001,19,389.0
MAT-1001,20,359.0
MAT-1001,21,353.0
MAT-1001,22,402.0
MAT-1001,23,375.0
MAT-1001,24,363.0
MAT-1001,25,348.0
MAT-1001,26,452.0
MAT-1001,27,255.0
MAT-1001,28,230.0
MAT-1001,29,192.0
MAT-1001,30,277.0
MAT-1001,31,298.0
MAT-1001,32,195.0
MAT-1001,33,130.0
MAT-1001,34,119.0
MAT-1001,35,213.0
MAT-1001,36,211.0
MAT-1001,37,189.0
MAT-1001,38,99.0
MAT-1001,39,159.0
MAT-1001,40,150.0
MAT-1001,41,158.0
MAT-1001,42,208.0
MAT-1001,43,167.0
MAT-1001,44,206.0
MAT-1001,45,172.0
MAT-1001,46,198.0
MAT-1001,47,234.0
MAT-1001,48,100.0
MAT-1001,49,195.0
MAT-1001,50,200.0
MAT-1001,51,204.0
MAT-1001,52,247.0
MAT-1001,53,389.0
MAT-1001,54,239.0
MAT-1001,55,386.0
MAT-1001,56,214.0
MAT-1001,57,326.0
MAT-1001,58,376.0
MAT-1001,59,419.0
MAT-1001,60,440.0
MAT-1001,61,456.0
MAT-1001,62,384.0
MAT-1001,63,383.0
MAT-1001,64,482.0
MAT-1001,65,411.0
MAT-1001,66,335.0
MAT-1001,67,344.0
MAT-1001,68,356.0
MAT-1001,69,451.0
MAT-1001,70,419.0
MAT-1001,71,449.0
MAT-1001,72,359.0
MAT-1001,73,389.0
MAT-1001,74,408.0
MAT-1001,75,327.0
MAT-1001,76,366.0
MAT-1001,77,270.0
MAT-1001,78,275.0
MAT-1001,79,256.0
MAT-1001,80,182.0
MAT-1001,81,284.0
MAT-1001,82,200.0
MAT-1001,83,219.0
MAT-1001,84,237.0
MAT-1001,85,221.0
MAT-1001,86,225.0
MAT-1001,87,160.0
MAT-1001,88,128.0
MAT-1001,89,145.0
MAT-1001,90,26.0
MAT-1001,91,40.0
MAT-1001,92,48.0
MAT-1001,93,72.0
MAT-1001,94,174.0
MAT-1001,95,87.0
MAT-1001,96,131.0
MAT-1001,97,259.0
MAT-1001,98,152.0
MAT-1001,99,242.0
MAT-1001,100,137.0
MAT-1001,101,203.0
MAT-1001,102,166.0
MAT-1001,103,226.0
MAT-1001,104,326.0
MAT-1002,1,474.0
MAT-1002,2,547.0
MAT-1002,3,349.0
MAT-1002,4,238.0
MAT-1002,5,148.0
MAT-1002,6,338.0
MAT-1002,7,252.0
MAT-1002,8,284.0
MAT-1002,9,268.0
MAT-1002,10,305.0
MAT-1002,11,401.0
MAT-1002,12,329.0
MAT-1002,13,304.0
MAT-1002,14,234.0
MAT-1002,15,184.0
MAT-1002,16,278.0
MAT-1002,17,312.0
MAT-1002,18,456.0
MAT-1002,19,327.0
MAT-1002,20,394.0
MAT-1002,21,277.0
MAT-1002,22,223.0
MAT-1002,23,240.0
MAT-1002,24,259.0
MAT-1002,25,485.0
MAT-1002,26,251.0
MAT-1002,27,383.0
MAT-1002,28,245.0
MAT-1002,29,390.0
MAT-1002,30,347.0
MAT-1002,31,304.0
MAT-1002,32,313.0
MAT-1002,33,265.0
MAT-1002,34,352.0
MAT-1002,35,280.0
MAT-1002,36,219.0
MAT-1002,37,215.0
MAT-1002,38,330.0
MAT-1002,39,441.0
MAT-1002,40,329.0
MAT-1002,41,307.0
MAT-1002,42,339.0
MAT-1002,43,420.0
MAT-1002,44,334.0
MAT-1002,45,284.0
MAT-1002,46,404.0
MAT-1002,47,350.0
MAT-1002,48,438.0
MAT-1002,49,331.0
MAT-1002,50,220.0
MAT-1002,51,208.0
MAT-1002,52,447.0
MAT-1002,53,453.0
MAT-1002,54,302.0
MAT-1002,55,286.0
MAT-1002,56,432.0
MAT-1002,57,229.0
MAT-1002,58,246.0
MAT-1002,59,367.0
MAT-1002,60,285.0
MAT-1002,61,316.0
MAT-1002,62,303.0
MAT-1002,63,343.0
MAT-1002,64,428.0
MAT-1002,65,324.0
MAT-1002,66,367.0
MAT-1002,67,154.0
MAT-1002,68,313.0
MAT-1002,69,250.0
MAT-1002,70,220.0
MAT-1002,71,247.0
MAT-1002,72,290.0
MAT-1002,73,389.0
MAT-1002,74,211.0
MAT-1002,75,319.0
MAT-1002,76,278.0
MAT-1002,77,290.0
MAT-1002,78,396.0
MAT-1002,79,359.0
MAT-1002,80,422.0
MAT-1002,81,304.0
MAT-1002,82,261.0
MAT-1002,83,299.0
MAT-1002,84,336.0
MAT-1002,85,330.0
MAT-1002,86,231.0
MAT-1002,87,324.0
MAT-1002,88,334.0
MAT-1002,89,515.0
MAT-1002,90,465.0
MAT-1002,91,249.0
MAT-1002,92,294.0
MAT-1002,93,201.0
MAT-1002,94,270.0
MAT-1002,95,341.0
MAT-1002,96,412.0
MAT-1002,97,259.0
MAT-1002,98,265.0
MAT-1002,99,147.0
MAT-1002,100,303.0
MAT-1002,101,232.0
MAT-1002,102,274.0
MAT-1002,103,247.0
MAT-1002,104,309.0
MAT-1003,1,54.0
MAT-1003,2,50.0
MAT-1003,3,48.0
MAT-1003,4,40.0
MAT-1003,5,33.0
MAT-1003,6,32.0
MAT-1003,7,52.0
MAT-1003,8,46.0
MAT-1003,9,49.0
MAT-1003,10,32.0
MAT-1003,11,54.0
MAT-1003,12,51.0
MAT-1003,13,39.0
MAT-1003,14,44.0
MAT-1003,15,50.0
MAT-1003,16,48.0
MAT-1003,17,44.0
MAT-1003,18,45.0
MAT-1003,19,43.0
MAT-1003,20,45.0
MAT-1003,21,54.0
MAT-1003,22,20.0
MAT-1003,23,37.0
MAT-1003,24,39.0
MAT-1003,25,38.0
MAT-1003,26,31.0
MAT-1003,27,18.0
MAT-1003,28,32.0
MAT-1003,29,42.0
MAT-1003,30,14.0
MAT-1003,31,31.0
MAT-1003,32,20.0
MAT-1003,33,21.0
MAT-1003,34,12.0
MAT-1003,35,16.0
MAT-1003,36,28.0
MAT-1003,37,22.0
MAT-1003,38,30.0
MAT-1003,39,25.0
MAT-1003,40,19.0
MAT-1003,41,30.0
MAT-1003,42,20.0
MAT-1003,43,23.0
MAT-1003,44,15.0
MAT-1003,45,19.0
MAT-1003,46,14.0
MAT-1003,47,29.0
MAT-1003,48,13.0
MAT-1003,49,31.0
MAT-1003,50,25.0
MAT-1003,51,37.0
MAT-1003,52,36.0
MAT-1003,53,46.0
MAT-1003,54,39.0
MAT-1003,55,23.0
MAT-1003,56,37.0
MAT-1003,57,30.0
MAT-1003,58,37.0
MAT-1003,59,54.0
MAT-1003,60,49.0
MAT-1003,61,39.0
MAT-1003,62,38.0
MAT-1003,63,47.0
MAT-1003,64,37.0
MAT-1003,65,42.0
MAT-1003,66,50.0
MAT-1003,67,57.0
MAT-1003,68,52.0
MAT-1003,69,28.0
MAT-1003,70,48.0
MAT-1003,71,45.0
MAT-1003,72,47.0
MAT-1003,73,55.0
MAT-1003,74,24.0
MAT-1003,75,34.0
MAT-1003,76,42.0
MAT-1003,77,23.0
MAT-1003,78,45.0
MAT-1003,79,35.0
MAT-1003,80,37.0
MAT-1003,81,23.0
MAT-1003,82,33.0
MAT-1003,83,33.0
MAT-1003,84,25.0
MAT-1003,85,23.0
MAT-1003,86,22.0
MAT-1003,87,12.0
MAT-1003,88,17.0
MAT-1003,89,16.0
MAT-1003,90,19.0
MAT-1003,91,24.0
MAT-1003,92,7.0
MAT-1003,93,15.0
MAT-1003,94,28.0
MAT-1003,95,11.0
MAT-1003,96,11.0
MAT-1003,97,20.0
MAT-1003,98,27.0
MAT-1003,99,21.0
MAT-1003,100,33.0
MAT-1003,101,31.0
MAT-1003,102,33.0
MAT-1003,103,32.0
MAT-1003,104,48.0
MAT-1004,1,103.0
MAT-1004,2,85.0
MAT-1004,3,89.0
MAT-1004,4,110.0
MAT-1004,5,46.0
MAT-1004,6,62.0
MAT-1004,7,57.0
MAT-1004,8,38.0
MAT-1004,9,76.0
MAT-1004,10,108.0
MAT-1004,11,85.0
MAT-1004,12,96.0
MAT-1004,13,116.0
MAT-1004,14,122.0
MAT-1004,15,90.0
MAT-1004,16,122.0
MAT-1004,17,93.0
MAT-1004,18,72.0
MAT-1004,19,78.0
MAT-1004,20,58.0
MAT-1004,21,71.0
MAT-1004,22,83.0
MAT-1004,23,110.0
MAT-1004,24,131.0
MAT-1004,25,60.0
MAT-1004,26,100.0
MAT-1004,27,68.0
MAT-1004,28,102.0
MAT-1004,29,88.0
MAT-1004,30,50.0
MAT-1004,31,112.0
MAT-1004,32,77.0
MAT-1004,33,79.0
MAT-1004,34,67.0
MAT-1004,35,76.0
MAT-1004,36,101.0
MAT-1004,37,87.0
MAT-1004,38,99.0
MAT-1004,39,100.0
MAT-1004,40,121.0
MAT-1004,41,83.0
MAT-1004,42,58.0
MAT-1004,43,116.0
MAT-1004,44,84.0
MAT-1004,45,117.0
MAT-1004,46,100.0
MAT-1004,47,88.0
MAT-1004,48,99.0
MAT-1004,49,136.0
MAT-1004,50,139.0
MAT-1004,51,93.0
MAT-1004,52,95.0
MAT-1004,53,116.0
MAT-1004,54,72.0
MAT-1004,55,99.0
MAT-1004,56,91.0
MAT-1004,57,98.0
MAT-1004,58,72.0
MAT-1004,59,55.0
MAT-1004,60,44.0
MAT-1004,61,66.0
MAT-1004,62,81.0
MAT-1004,63,85.0
MAT-1004,64,136.0
MAT-1004,65,117.0
MAT-1004,66,69.0
MAT-1004,67,99.0
MAT-1004,68,82.0
MAT-1004,69,85.0
MAT-1004,70,96.0
MAT-1004,71,105.0
MAT-1004,72,84.0
MAT-1004,73,116.0
MAT-1004,74,65.0
MAT-1004,75,91.0
MAT-1004,76,151.0
MAT-1004,77,96.0
MAT-1004,78,124.0
MAT-1004,79,93.0
MAT-1004,80,105.0
MAT-1004,81,90.0
MAT-1004,82,87.0
MAT-1004,83,74.0
MAT-1004,84,101.0
MAT-1004,85,72.0
MAT-1004,86,107.0
MAT-1004,87,116.0
MAT-1004,88,100.0
MAT-1004,89,85.0
MAT-1004,90,102.0
MAT-1004,91,84.0
MAT-1004,92,113.0
MAT-1004,93,50.0
MAT-1004,94,84.0
MAT-1004,95,46.0
MAT-1004,96,57.0
MAT-1004,97,122.0
MAT-1004,98,112.0
MAT-1004,99,75.0
MAT-1004,100,57.0
MAT-1004,101,24.0
MAT-1004,102,79.0
MAT-1004,103,147.0
MAT-1004,104,101.0
MAT-1005,1,1086.0
MAT-1005,2,0.0
MAT-1005,3,208.0
MAT-1005,4,526.0
MAT-1005,5,531.0
MAT-1005,6,0.0
MAT-1005,7,0.0
MAT-1005,8,0.0
MAT-1005,9,690.0
MAT-1005,10,295.0
MAT-1005,11,0.0
MAT-1005,12,0.0
MAT-1005,13,0.0
MAT-1005,14,0.0
MAT-1005,15,0.0
MAT-1005,16,707.0
MAT-1005,17,0.0
MAT-1005,18,0.0
MAT-1005,19,511.0
MAT-1005,20,0.0
MAT-1005,21,0.0
MAT-1005,22,0.0
MAT-1005,23,0.0
MAT-1005,24,0.0
MAT-1005,25,0.0
MAT-1005,26,0.0
MAT-1005,27,0.0
MAT-1005,28,824.0
MAT-1005,29,0.0
MAT-1005,30,0.0
MAT-1005,31,584.0
MAT-1005,32,0.0
MAT-1005,33,0.0
MAT-1005,34,0.0
MAT-1005,35,253.0
MAT-1005,36,271.0
MAT-1005,37,681.0
MAT-1005,38,485.0
MAT-1005,39,0.0
MAT-1005,40,0.0
MAT-1005,41,640.0
MAT-1005,42,0.0
MAT-1005,43,329.0
MAT-1005,44,751.0
MAT-1005,45,0.0
MAT-1005,46,0.0
MAT-1005,47,0.0
MAT-1005,48,0.0
MAT-1005,49,0.0
MAT-1005,50,0.0
MAT-1005,51,0.0
MAT-1005,52,0.0
MAT-1005,53,0.0
MAT-1005,54,0.0
MAT-1005,55,0.0
MAT-1005,56,742.0
MAT-1005,57,0.0
MAT-1005,58,0.0
MAT-1005,59,0.0
MAT-1005,60,0.0
MAT-1005,61,0.0
MAT-1005,62,0.0
MAT-1005,63,146.0
MAT-1005,64,0.0
MAT-1005,65,0.0
MAT-1005,66,133.0
MAT-1005,67,398.0
MAT-1005,68,408.0
MAT-1005,69,0.0
MAT-1005,70,0.0
MAT-1005,71,0.0
MAT-1005,72,0.0
MAT-1005,73,0.0
MAT-1005,74,0.0
MAT-1005,75,0.0
MAT-1005,76,409.0
MAT-1005,77,0.0
MAT-1005,78,0.0
MAT-1005,79,0.0
MAT-1005,80,0.0
MAT-1005,81,724.0
MAT-1005,82,0.0
MAT-1005,83,585.0
MAT-1005,84,546.0
MAT-1005,85,0.0
MAT-1005,86,0.0
MAT-1005,87,0.0
MAT-1005,88,0.0
MAT-1005,89,0.0
MAT-1005,90,0.0
MAT-1005,91,808.0
MAT-1005,92,141.0
MAT-1005,93,0.0
MAT-1005,94,0.0
MAT-1005,95,873.0
MAT-1005,96,0.0
MAT-1005,97,0.0
MAT-1005,98,364.0
MAT-1005,99,0.0
MAT-1005,100,0.0
MAT-1005,101,0.0
MAT-1005,102,694.0
MAT-1005,103,0.0
MAT-1005,104,642.0
MAT-1006,1,381.0
MAT-1006,2,362.0
MAT-1006,3,427.0
MAT-1006,4,374.0
MAT-1006,5,381.0
MAT-1006,6,370.0
MAT-1006,7,344.0
MAT-1006,8,168.0
MAT-1006,9,319.0
MAT-1006,10,265.0
MAT-1006,11,203.0
MAT-1006,12,444.0
MAT-1006,13,446.0
MAT-1006,14,414.0
MAT-1006,15,321.0
MAT-1006,16,409.0
MAT-1006,17,298.0
MAT-1006,18,311.0
MAT-1006,19,203.0
MAT-1006,20,323.0
MAT-1006,21,294.0
MAT-1006,22,180.0
MAT-1006,23,281.0
MAT-1006,24,276.0
MAT-1006,25,428.0
MAT-1006,26,352.0
MAT-1006,27,278.0
MAT-1006,28,295.0
MAT-1006,29,277.0
MAT-1006,30,254.0
MAT-1006,31,180.0
MAT-1006,32,255.0
MAT-1006,33,204.0
MAT-1006,34,161.0
MAT-1006,35,303.0
MAT-1006,36,291.0
MAT-1006,37,111.0
MAT-1006,38,245.0
MAT-1006,39,335.0
MAT-1006,40,338.0
MAT-1006,41,333.0
MAT-1006,42,251.0
MAT-1006,43,176.0
MAT-1006,44,155.0
MAT-1006,45,270.0
MAT-1006,46,271.0
MAT-1006,47,343.0
MAT-1006,48,326.0
MAT-1006,49,223.0
MAT-1006,50,130.0
MAT-1006,51,203.0
MAT-1006,52,245.0
MAT-1006,53,209.0
MAT-1006,54,176.0
MAT-1006,55,243.0
MAT-1006,56,178.0
MAT-1006,57,166.0
MAT-1006,58,241.0
MAT-1006,59,181.0
MAT-1006,60,232.0
MAT-1006,61,232.0
MAT-1006,62,115.0
MAT-1006,63,167.0
MAT-1006,64,322.0
MAT-1006,65,107.0
MAT-1006,66,27.0
MAT-1006,67,45.0
MAT-1006,68,199.0
MAT-1006,69,197.0
MAT-1006,70,183.0
MAT-1006,71,290.0
MAT-1006,72,0.0
MAT-1006,73,219.0
MAT-1006,74,312.0
MAT-1006,75,90.0
MAT-1006,76,149.0
MAT-1006,77,117.0
MAT-1006,78,103.0
MAT-1006,79,148.0
MAT-1006,80,290.0
MAT-1006,81,321.0
MAT-1006,82,141.0
MAT-1006,83,323.0
MAT-1006,84,168.0
MAT-1006,85,307.0
MAT-1006,86,153.0
MAT-1006,87,170.0
MAT-1006,88,187.0
MAT-1006,89,416.0
MAT-1006,90,223.0
MAT-1006,91,93.0
MAT-1006,92,228.0
MAT-1006,93,117.0
MAT-1006,94,105.0
MAT-1006,95,218.0
MAT-1006,96,144.0
MAT-1006,97,162.0
MAT-1006,98,138.0
MAT-1006,99,163.0
MAT-1006,100,168.0
MAT-1006,101,0.0
MAT-1006,102,184.0
MAT-1006,103,47.0
MAT-1006,104,7.0
MAT-1007,1,56.0
MAT-1007,2,38.0
MAT-1007,3,15.0
MAT-1007,4,24.0
MAT-1007,5,33.0
MAT-1007,6,35.0
MAT-1007,7,37.0
MAT-1007,8,41.0
MAT-1007,9,37.0
MAT-1007,10,52.0
MAT-1007,11,33.0
MAT-1007,12,31.0
MAT-1007,13,45.0
MAT-1007,14,23.0
MAT-1007,15,43.0
MAT-1007,16,40.0
MAT-1007,17,37.0
MAT-1007,18,55.0
MAT-1007,19,31.0
MAT-1007,20,60.0
MAT-1007,21,35.0
MAT-1007,22,24.0
MAT-1007,23,38.0
MAT-1007,24,25.0
MAT-1007,25,28.0
MAT-1007,26,40.0
MAT-1007,27,42.0
MAT-1007,28,29.0
MAT-1007,29,46.0
MAT-1007,30,48.0
MAT-1007,31,50.0
MAT-1007,32,40.0
MAT-1007,33,49.0
MAT-1007,34,14.0
MAT-1007,35,31.0
MAT-1007,36,24.0
MAT-1007,37,35.0
MAT-1007,38,27.0
MAT-1007,39,31.0
MAT-1007,40,53.0
MAT-1007,41,31.0
MAT-1007,42,37.0
MAT-1007,43,29.0
MAT-1007,44,32.0
MAT-1007,45,31.0
MAT-1007,46,36.0
MAT-1007,47,43.0
MAT-1007,48,48.0
MAT-1007,49,34.0
MAT-1007,50,36.0
MAT-1007,51,18.0
MAT-1007,52,29.0
MAT-1007,53,39.0
MAT-1007,54,38.0
MAT-1007,55,31.0
MAT-1007,56,38.0
MAT-1007,57,34.0
MAT-1007,58,41.0
MAT-1007,59,31.0
MAT-1007,60,24.0
MAT-1007,61,31.0
MAT-1007,62,0.0
MAT-1007,63,31.0
MAT-1007,64,0.0
MAT-1007,65,8.0
MAT-1007,66,31.0
MAT-1007,67,31.0
MAT-1007,68,13.0
MAT-1007,69,18.0
MAT-1007,70,40.0
MAT-1007,71,20.0
MAT-1007,72,48.0
MAT-1007,73,24.0
MAT-1007,74,28.0
MAT-1007,75,41.0
MAT-1007,76,25.0
MAT-1007,77,13.0
MAT-1007,78,22.0
MAT-1007,79,22.0
MAT-1007,80,8.0
MAT-1007,81,19.0
MAT-1007,82,14.0
MAT-1007,83,32.0
MAT-1007,84,22.0
MAT-1007,85,18.0
MAT-1007,86,20.0
MAT-1007,87,23.0
MAT-1007,88,27.0
MAT-1007,89,9.0
MAT-1007,90,9.0
MAT-1007,91,31.0
MAT-1007,92,15.0
MAT-1007,93,4.0
MAT-1007,94,24.0
MAT-1007,95,24.0
MAT-1007,96,2.0
MAT-1007,97,21.0
MAT-1007,98,26.0
MAT-1007,99,22.0
MAT-1007,100,24.0
MAT-1007,101,2.0
MAT-1007,102,20.0
MAT-1007,103,13.0
MAT-1007,104,11.0
MAT-1008,1,74.0
MAT-1008,2,78.0
MAT-1008,3,84.0
MAT-1008,4,91.0
MAT-1008,5,48.0
MAT-1008,6,82.0
MAT-1008,7,54.0
MAT-1008,8,95.0
MAT-1008,9,96.0
MAT-1008,10,117.0
MAT-1008,11,121.0
MAT-1008,12,105.0
MAT-1008,13,94.0
MAT-1008,14,111.0
MAT-1008,15,93.0
MAT-1008,16,102.0
MAT-1008,17,117.0
MAT-1008,18,89.0
MAT-1008,19,110.0
MAT-1008,20,106.0
MAT-1008,21,75.0
MAT-1008,22,104.0
MAT-1008,23,96.0
MAT-1008,24,82.0
MAT-1008,25,64.0
MAT-1008,26,58.0
MAT-1008,27,59.0
MAT-1008,28,74.0
MAT-1008,29,44.0
MAT-1008,30,64.0
MAT-1008,31,31.0
MAT-1008,32,45.0
MAT-1008,33,48.0
MAT-1008,34,85.0
MAT-1008,35,17.0
MAT-1008,36,63.0
MAT-1008,37,39.0
MAT-1008,38,42.0
MAT-1008,39,36.0
MAT-1008,40,42.0
MAT-1008,41,32.0
MAT-1008,42,60.0
MAT-1008,43,29.0
MAT-1008,44,57.0
MAT-1008,45,29.0
MAT-1008,46,42.0
MAT-1008,47,27.0
MAT-1008,48,57.0
MAT-1008,49,77.0
MAT-1008,50,55.0
MAT-1008,51,57.0
MAT-1008,52,45.0
MAT-1008,53,64.0
MAT-1008,54,45.0
MAT-1008,55,61.0
MAT-1008,56,84.0
MAT-1008,57,107.0
MAT-1008,58,136.0
MAT-1008,59,81.0
MAT-1008,60,119.0
MAT-1008,61,101.0
MAT-1008,62,96.0
MAT-1008,63,108.0
MAT-1008,64,103.0
MAT-1008,65,104.0
MAT-1008,66,96.0
MAT-1008,67,78.0
MAT-1008,68,75.0
MAT-1008,69,112.0
MAT-1008,70,94.0
MAT-1008,71,86.0
MAT-1008,72,94.0
MAT-1008,73,105.0
MAT-1008,74,91.0
MAT-1008,75,73.0
MAT-1008,76,101.0
MAT-1008,77,104.0
MAT-1008,78,81.0
MAT-1008,79,85.0
MAT-1008,80,85.0
MAT-1008,81,80.0
MAT-1008,82,67.0
MAT-1008,83,63.0
MAT-1008,84,58.0
MAT-1008,85,27.0
MAT-1008,86,55.0
MAT-1008,87,17.0
MAT-1008,88,25.0
MAT-1008,89,59.0
MAT-1008,90,50.0
MAT-1008,91,60.0
MAT-1008,92,30.0
MAT-1008,93,15.0
MAT-1008,94,31.0
MAT-1008,95,38.0
MAT-1008,96,39.0
MAT-1008,97,60.0
MAT-1008,98,37.0
MAT-1008,99,52.0
MAT-1008,100,32.0
MAT-1008,101,60.0
MAT-1008,102,56.0
MAT-1008,103,47.0
MAT-1008,104,60.0
MAT-1009,1,135.0
MAT-1009,2,156.0
MAT-1009,3,182.0
MAT-1009,4,172.0
MAT-1009,5,138.0
MAT-1009,6,192.0
MAT-1009,7,191.0
MAT-1009,8,157.0
MAT-1009,9,187.0
MAT-1009,10,159.0
MAT-1009,11,125.0
MAT-1009,12,174.0
MAT-1009,13,150.0
MAT-1009,14,144.0
MAT-1009,15,201.0
MAT-1009,16,47.0
MAT-1009,17,86.0
MAT-1009,18,94.0
MAT-1009,19,126.0
MAT-1009,20,129.0
MAT-1009,21,79.0
MAT-1009,22,98.0
MAT-1009,23,102.0
MAT-1009,24,231.0
MAT-1009,25,205.0
MAT-1009,26,117.0
MAT-1009,27,118.0
MAT-1009,28,86.0
MAT-1009,29,56.0
MAT-1009,30,125.0
MAT-1009,31,89.0
MAT-1009,32,124.0
MAT-1009,33,64.0
MAT-1009,34,96.0
MAT-1009,35,131.0
MAT-1009,36,138.0
MAT-1009,37,139.0
MAT-1009,38,70.0
MAT-1009,39,154.0
MAT-1009,40,89.0
MAT-1009,41,144.0
MAT-1009,42,118.0
MAT-1009,43,63.0
MAT-1009,44,104.0
MAT-1009,45,130.0
MAT-1009,46,138.0
MAT-1009,47,108.0
MAT-1009,48,172.0
MAT-1009,49,151.0
MAT-1009,50,101.0
MAT-1009,51,139.0
MAT-1009,52,184.0
MAT-1009,53,185.0
MAT-1009,54,59.0
MAT-1009,55,70.0
MAT-1009,56,163.0
MAT-1009,57,63.0
MAT-1009,58,51.0
MAT-1009,59,83.0
MAT-1009,60,118.0
MAT-1009,61,96.0
MAT-1009,62,74.0
MAT-1009,63,72.0
MAT-1009,64,70.0
MAT-1009,65,62.0
MAT-1009,66,185.0
MAT-1009,67,106.0
MAT-1009,68,128.0
MAT-1009,69,74.0
MAT-1009,70,85.0
MAT-1009,71,63.0
MAT-1009,72,0.0
MAT-1009,73,35.0
MAT-1009,74,17.0
MAT-1009,75,0.0
MAT-1009,76,39.0
MAT-1009,77,137.0
MAT-1009,78,83.0
MAT-1009,79,134.0
MAT-1009,80,98.0
MAT-1009,81,112.0
MAT-1009,82,45.0
MAT-1009,83,100.0
MAT-1009,84,107.0
MAT-1009,85,55.0
MAT-1009,86,99.0
MAT-1009,87,98.0
MAT-1009,88,53.0
MAT-1009,89,30.0
MAT-1009,90,27.0
MAT-1009,91,75.0
MAT-1009,92,84.0
MAT-1009,93,39.0
MAT-1009,94,70.0
MAT-1009,95,91.0
MAT-1009,96,92.0
MAT-1009,97,127.0
MAT-1009,98,115.0
MAT-1009,99,25.0
MAT-1009,100,130.0
MAT-1009,101,42.0
MAT-1009,102,103.0
MAT-1009,103,63.0
MAT-1009,104,44.0
MAT-1010,1,339.0
MAT-1010,2,334.0
MAT-1010,3,222.0
MAT-1010,4,268.0
MAT-1010,5,207.0
MAT-1010,6,246.0
MAT-1010,7,208.0
MAT-1010,8,344.0
MAT-1010,9,267.0
MAT-1010,10,232.0
MAT-1010,11,318.0
MAT-1010,12,112.0
MAT-1010,13,122.0
MAT-1010,14,294.0
MAT-1010,15,249.0
MAT-1010,16,260.0
MAT-1010,17,164.0
MAT-1010,18,244.0
MAT-1010,19,368.0
MAT-1010,20,295.0
MAT-1010,21,255.0
MAT-1010,22,218.0
MAT-1010,23,221.0
MAT-1010,24,115.0
MAT-1010,25,261.0
MAT-1010,26,297.0
MAT-1010,27,148.0
MAT-1010,28,204.0
MAT-1010,29,174.0
MAT-1010,30,186.0
MAT-1010,31,248.0
MAT-1010,32,117.0
MAT-1010,33,283.0
MAT-1010,34,291.0
MAT-1010,35,230.0
MAT-1010,36,93.0
MAT-1010,37,184.0
MAT-1010,38,321.0
MAT-1010,39,75.0
MAT-1010,40,224.0
MAT-1010,41,173.0
MAT-1010,42,294.0
MAT-1010,43,204.0
MAT-1010,44,270.0
MAT-1010,45,280.0
MAT-1010,46,357.0
MAT-1010,47,233.0
MAT-1010,48,268.0
MAT-1010,49,154.0
MAT-1010,50,318.0
MAT-1010,51,198.0
MAT-1010,52,211.0
MAT-1010,53,244.0
MAT-1010,54,149.0
MAT-1010,55,259.0
MAT-1010,56,304.0
MAT-1010,57,263.0
MAT-1010,58,148.0
MAT-1010,59,237.0
MAT-1010,60,290.0
MAT-1010,61,130.0
MAT-1010,62,179.0
MAT-1010,63,299.0
MAT-1010,64,262.0
MAT-1010,65,270.0
MAT-1010,66,359.0
MAT-1010,67,274.0
MAT-1010,68,285.0
MAT-1010,69,411.0
MAT-1010,70,232.0
MAT-1010,71,196.0
MAT-1010,72,271.0
MAT-1010,73,272.0
MAT-1010,74,213.0
MAT-1010,75,182.0
MAT-1010,76,386.0
MAT-1010,77,265.0
MAT-1010,78,200.0
MAT-1010,79,301.0
MAT-1010,80,238.0
MAT-1010,81,230.0
MAT-1010,82,279.0
MAT-1010,83,166.0
MAT-1010,84,267.0
MAT-1010,85,362.0
MAT-1010,86,274.0
MAT-1010,87,222.0
MAT-1010,88,214.0
MAT-1010,89,220.0
MAT-1010,90,229.0
MAT-1010,91,222.0
MAT-1010,92,301.0
MAT-1010,93,139.0
MAT-1010,94,298.0
MAT-1010,95,222.0
MAT-1010,96,268.0
MAT-1010,97,176.0
MAT-1010,98,326.0
MAT-1010,99,321.0
MAT-1010,100,304.0
MAT-1010,101,152.0
MAT-1010,102,296.0
MAT-1010,103,270.0
MAT-1010,104,147.0
MAT-1011,1,1047.0
MAT-1011,2,1314.0
MAT-1011,3,335.0
MAT-1011,4,1110.0
MAT-1011,5,1876.0
MAT-1011,6,0.0
MAT-1011,7,0.0
MAT-1011,8,0.0
MAT-1011,9,0.0
MAT-1011,10,376.0
MAT-1011,11,0.0
MAT-1011,12,0.0
MAT-1011,13,0.0
MAT-1011,14,0.0
MAT-1011,15,1008.0
MAT-1011,16,400.0
MAT-1011,17,650.0
MAT-1011,18,0.0
MAT-1011,19,0.0
MAT-1011,20,0.0
MAT-1011,21,0.0
MAT-1011,22,0.0
MAT-1011,23,1576.0
MAT-1011,24,1062.0
MAT-1011,25,0.0
MAT-1011,26,0.0
MAT-1011,27,0.0
MAT-1011,28,1242.0
MAT-1011,29,0.0
MAT-1011,30,689.0
MAT-1011,31,0.0
MAT-1011,32,766.0
MAT-1011,33,1408.0
MAT-1011,34,0.0
MAT-1011,35,0.0
MAT-1011,36,0.0
MAT-1011,37,0.0
MAT-1011,38,0.0
MAT-1011,39,0.0
MAT-1011,40,0.0
MAT-1011,41,0.0
MAT-1011,42,1037.0
MAT-1011,43,0.0
MAT-1011,44,825.0
MAT-1011,45,0.0
MAT-1011,46,1275.0
MAT-1011,47,0.0
MAT-1011,48,0.0
MAT-1011,49,0.0
MAT-1011,50,0.0
MAT-1011,51,610.0
MAT-1011,52,0.0
MAT-1011,53,0.0
MAT-1011,54,0.0
MAT-1011,55,0.0
MAT-1011,56,0.0
MAT-1011,57,0.0
MAT-1011,58,0.0
MAT-1011,59,820.0
MAT-1011,60,0.0
MAT-1011,61,0.0
MAT-1011,62,0.0
MAT-1011,63,0.0
MAT-1011,64,0.0
MAT-1011,65,0.0
MAT-1011,66,0.0
MAT-1011,67,0.0
MAT-1011,68,0.0
MAT-1011,69,1254.0
MAT-1011,70,0.0
MAT-1011,71,581.0
MAT-1011,72,652.0
MAT-1011,73,0.0
MAT-1011,74,0.0
MAT-1011,75,0.0
MAT-1011,76,1256.0
MAT-1011,77,1573.0
MAT-1011,78,0.0
MAT-1011,79,1333.0
MAT-1011,80,862.0
MAT-1011,81,1081.0
MAT-1011,82,0.0
MAT-1011,83,0.0
MAT-1011,84,0.0
MAT-1011,85,0.0
MAT-1011,86,955.0
MAT-1011,87,0.0
MAT-1011,88,0.0
MAT-1011,89,1061.0
MAT-1011,90,852.0
MAT-1011,91,1268.0
MAT-1011,92,1296.0
MAT-1011,93,0.0
MAT-1011,94,0.0
MAT-1011,95,1719.0
MAT-1011,96,0.0
MAT-1011,97,0.0
MAT-1011,98,0.0
MAT-1011,99,0.0
MAT-1011,100,0.0
MAT-1011,101,0.0
MAT-1011,102,1636.0
MAT-1011,103,0.0
MAT-1011,104,1200.0
MAT-1012,1,138.0
MAT-1012,2,132.0
MAT-1012,3,142.0
MAT-1012,4,169.0
MAT-1012,5,74.0
MAT-1012,6,165.0
MAT-1012,7,133.0
MAT-1012,8,126.0
MAT-1012,9,84.0
MAT-1012,10,149.0
MAT-1012,11,53.0
MAT-1012,12,154.0
MAT-1012,13,83.0
MAT-1012,14,135.0
MAT-1012,15,129.0
MAT-1012,16,172.0
MAT-1012,17,127.0
MAT-1012,18,110.0
MAT-1012,19,116.0
MAT-1012,20,175.0
MAT-1012,21,151.0
MAT-1012,22,120.0
MAT-1012,23,125.0
MAT-1012,24,81.0
MAT-1012,25,146.0
MAT-1012,26,74.0
MAT-1012,27,158.0
MAT-1012,28,137.0
MAT-1012,29,212.0
MAT-1012,30,96.0
MAT-1012,31,129.0
MAT-1012,32,192.0
MAT-1012,33,172.0
MAT-1012,34,110.0
MAT-1012,35,140.0
MAT-1012,36,133.0
MAT-1012,37,142.0
MAT-1012,38,110.0
MAT-1012,39,130.0
MAT-1012,40,80.0
MAT-1012,41,137.0
MAT-1012,42,148.0
MAT-1012,43,125.0
MAT-1012,44,79.0
MAT-1012,45,166.0
MAT-1012,46,145.0
MAT-1012,47,109.0
MAT-1012,48,123.0
MAT-1012,49,83.0
MAT-1012,50,99.0
MAT-1012,51,115.0
MAT-1012,52,173.0
MAT-1012,53,112.0
MAT-1012,54,154.0
MAT-1012,55,115.0
MAT-1012,56,141.0
MAT-1012,57,128.0
MAT-1012,58,162.0
MAT-1012,59,115.0
MAT-1012,60,81.0
MAT-1012,61,87.0
MAT-1012,62,115.0
MAT-1012,63,91.0
MAT-1012,64,146.0
MAT-1012,65,117.0
MAT-1012,66,212.0
MAT-1012,67,75.0
MAT-1012,68,139.0
MAT-1012,69,95.0
MAT-1012,70,116.0
MAT-1012,71,137.0
MAT-1012,72,56.0
MAT-1012,73,141.0
MAT-1012,74,196.0
MAT-1012,75,118.0
MAT-1012,76,141.0
MAT-1012,77,167.0
MAT-1012,78,127.0
MAT-1012,79,113.0
MAT-1012,80,57.0
MAT-1012,81,154.0
MAT-1012,82,129.0
MAT-1012,83,99.0
MAT-1012,84,137.0
MAT-1012,85,113.0
MAT-1012,86,115.0
MAT-1012,87,153.0
MAT-1012,88,88.0
MAT-1012,89,167.0
MAT-1012,90,86.0
MAT-1012,91,111.0
MAT-1012,92,197.0
MAT-1012,93,170.0
MAT-1012,94,136.0
MAT-1012,95,102.0
MAT-1012,96,115.0
MAT-1012,97,135.0
MAT-1012,98,134.0
MAT-1012,99,130.0
MAT-1012,100,132.0
MAT-1012,101,126.0
MAT-1012,102,85.0
MAT-1012,103,116.0
MAT-1012,104,163.0
MAT-1013,1,181.0
MAT-1013,2,198.0
MAT-1013,3,94.0
MAT-1013,4,129.0
MAT-1013,5,89.0
MAT-1013,6,102.0
MAT-1013,7,107.0
MAT-1013,8,93.0
MAT-1013,9,93.0
MAT-1013,10,122.0
MAT-1013,11,88.0
MAT-1013,12,153.0
MAT-1013,13,98.0
MAT-1013,14,215.0
MAT-1013,15,112.0
MAT-1013,16,129.0
MAT-1013,17,86.0
MAT-1013,18,181.0
MAT-1013,19,162.0
MAT-1013,20,136.0
MAT-1013,21,84.0
MAT-1013,22,133.0
MAT-1013,23,91.0
MAT-1013,24,173.0
MAT-1013,25,152.0
MAT-1013,26,130.0
MAT-1013,27,49.0
MAT-1013,28,95.0
MAT-1013,29,148.0
MAT-1013,30,165.0
MAT-1013,31,162.0
MAT-1013,32,76.0
MAT-1013,33,136.0
MAT-1013,34,159.0
MAT-1013,35,74.0
MAT-1013,36,126.0
MAT-1013,37,135.0
MAT-1013,38,117.0
MAT-1013,39,68.0
MAT-1013,40,116.0
MAT-1013,41,116.0
MAT-1013,42,122.0
MAT-1013,43,109.0
MAT-1013,44,113.0
MAT-1013,45,125.0
MAT-1013,46,141.0
MAT-1013,47,117.0
MAT-1013,48,114.0
MAT-1013,49,130.0
MAT-1013,50,66.0
MAT-1013,51,142.0
MAT-1013,52,127.0
MAT-1013,53,128.0
MAT-1013,54,157.0
MAT-1013,55,65.0
MAT-1013,56,64.0
MAT-1013,57,135.0
MAT-1013,58,126.0
MAT-1013,59,132.0
MAT-1013,60,112.0
MAT-1013,61,148.0
MAT-1013,62,156.0
MAT-1013,63,142.0
MAT-1013,64,118.0
MAT-1013,65,60.0
MAT-1013,66,151.0
MAT-1013,67,165.0
MAT-1013,68,147.0
MAT-1013,69,99.0
MAT-1013,70,148.0
MAT-1013,71,154.0
MAT-1013,72,176.0
MAT-1013,73,99.0
MAT-1013,74,119.0
MAT-1013,75,150.0
MAT-1013,76,128.0
MAT-1013,77,91.0
MAT-1013,78,140.0
MAT-1013,79,145.0
MAT-1013,80,129.0
MAT-1013,81,134.0
MAT-1013,82,118.0
MAT-1013,83,173.0
MAT-1013,84,98.0
MAT-1013,85,108.0
MAT-1013,86,127.0
MAT-1013,87,154.0
MAT-1013,88,79.0
MAT-1013,89,85.0
MAT-1013,90,62.0
MAT-1013,91,128.0
MAT-1013,92,91.0
MAT-1013,93,114.0
MAT-1013,94,148.0
MAT-1013,95,106.0
MAT-1013,96,134.0
MAT-1013,97,117.0
MAT-1013,98,148.0
MAT-1013,99,142.0
MAT-1013,100,105.0
MAT-1013,101,121.0
MAT-1013,102,160.0
MAT-1013,103,139.0
MAT-1013,104,82.0
MAT-1014,1,144.0
MAT-1014,2,308.0
MAT-1014,3,212.0
MAT-1014,4,303.0
MAT-1014,5,176.0
MAT-1014,6,328.0
MAT-1014,7,363.0
MAT-1014,8,232.0
MAT-1014,9,207.0
MAT-1014,10,133.0
MAT-1014,11,270.0
MAT-1014,12,247.0
MAT-1014,13,177.0
MAT-1014,14,322.0
MAT-1014,15,256.0
MAT-1014,16,211.0
MAT-1014,17,249.0
MAT-1014,18,366.0
MAT-1014,19,332.0
MAT-1014,20,280.0
MAT-1014,21,334.0
MAT-1014,22,205.0
MAT-1014,23,291.0
MAT-1014,24,300.0
MAT-1014,25,255.0
MAT-1014,26,320.0
MAT-1014,27,233.0
MAT-1014,28,326.0
MAT-1014,29,329.0
MAT-1014,30,78.0
MAT-1014,31,375.0
MAT-1014,32,69.0
MAT-1014,33,244.0
MAT-1014,34,363.0
MAT-1014,35,266.0
MAT-1014,36,183.0
MAT-1014,37,210.0
MAT-1014,38,363.0
MAT-1014,39,150.0
MAT-1014,40,370.0
MAT-1014,41,285.0
MAT-1014,42,203.0
MAT-1014,43,247.0
MAT-1014,44,215.0
MAT-1014,45,351.0
MAT-1014,46,342.0
MAT-1014,47,165.0
MAT-1014,48,260.0
MAT-1014,49,227.0
MAT-1014,50,382.0
MAT-1014,51,191.0
MAT-1014,52,405.0
MAT-1014,53,286.0
MAT-1014,54,205.0
MAT-1014,55,240.0
MAT-1014,56,231.0
MAT-1014,57,197.0
MAT-1014,58,296.0
MAT-1014,59,200.0
MAT-1014,60,131.0
MAT-1014,61,261.0
MAT-1014,62,159.0
MAT-1014,63,235.0
MAT-1014,64,223.0
MAT-1014,65,226.0
MAT-1014,66,433.0
MAT-1014,67,293.0
MAT-1014,68,307.0
MAT-1014,69,161.0
MAT-1014,70,242.0
MAT-1014,71,304.0
MAT-1014,72,215.0
MAT-1014,73,354.0
MAT-1014,74,202.0
MAT-1014,75,268.0
MAT-1014,76,247.0
MAT-1014,77,301.0
MAT-1014,78,243.0
MAT-1014,79,269.0
MAT-1014,80,272.0
MAT-1014,81,236.0
MAT-1014,82,324.0
MAT-1014,83,306.0
MAT-1014,84,282.0
MAT-1014,85,258.0
MAT-1014,86,346.0
MAT-1014,87,272.0
MAT-1014,88,267.0
MAT-1014,89,296.0
MAT-1014,90,411.0
MAT-1014,91,192.0
MAT-1014,92,344.0
MAT-1014,93,152.0
MAT-1014,94,305.0
MAT-1014,95,403.0
MAT-1014,96,324.0
MAT-1014,97,301.0
MAT-1014,98,248.0
MAT-1014,99,291.0
MAT-1014,100,271.0
MAT-1014,101,232.0
MAT-1014,102,268.0
MAT-1014,103,303.0
MAT-1014,104,233.0
MAT-1015,1,376.0
MAT-1015,2,316.0
MAT-1015,3,434.0
MAT-1015,4,424.0
MAT-1015,5,380.0
MAT-1015,6,304.0
MAT-1015,7,391.0
MAT-1015,8,372.0
MAT-1015,9,253.0
MAT-1015,10,240.0
MAT-1015,11,433.0
MAT-1015,12,132.0
MAT-1015,13,398.0
MAT-1015,14,334.0
MAT-1015,15,503.0
MAT-1015,16,332.0
MAT-1015,17,441.0
MAT-1015,18,341.0
MAT-1015,19,390.0
MAT-1015,20,449.0
MAT-1015,21,335.0
MAT-1015,22,473.0
MAT-1015,23,285.0
MAT-1015,24,407.0
MAT-1015,25,466.0
MAT-1015,26,442.0
MAT-1015,27,561.0
MAT-1015,28,307.0
MAT-1015,29,248.0
MAT-1015,30,285.0
MAT-1015,31,442.0
MAT-1015,32,426.0
MAT-1015,33,389.0
MAT-1015,34,273.0
MAT-1015,35,452.0
MAT-1015,36,263.0
MAT-1015,37,489.0
MAT-1015,38,650.0
MAT-1015,39,414.0
MAT-1015,40,434.0
MAT-1015,41,332.0
MAT-1015,42,207.0
MAT-1015,43,322.0
MAT-1015,44,275.0
MAT-1015,45,242.0
MAT-1015,46,542.0
MAT-1015,47,405.0
MAT-1015,48,415.0
MAT-1015,49,350.0
MAT-1015,50,363.0
MAT-1015,51,470.0
MAT-1015,52,376.0
MAT-1015,53,429.0
MAT-1015,54,360.0
MAT-1015,55,347.0
MAT-1015,56,246.0
MAT-1015,57,192.0
MAT-1015,58,354.0
MAT-1015,59,384.0
MAT-1015,60,257.0
MAT-1015,61,376.0
MAT-1015,62,384.0
MAT-1015,63,175.0
MAT-1015,64,292.0
MAT-1015,65,418.0
MAT-1015,66,416.0
MAT-1015,67,270.0
MAT-1015,68,394.0
MAT-1015,69,476.0
MAT-1015,70,453.0
MAT-1015,71,370.0
MAT-1015,72,335.0
MAT-1015,73,319.0
MAT-1015,74,423.0
MAT-1015,75,397.0
MAT-1015,76,439.0
MAT-1015,77,391.0
MAT-1015,78,457.0
MAT-1015,79,388.0
MAT-1015,80,453.0
MAT-1015,81,461.0
MAT-1015,82,303.0
MAT-1015,83,208.0
MAT-1015,84,525.0
MAT-1015,85,403.0
MAT-1015,86,217.0
MAT-1015,87,311.0
MAT-1015,88,452.0
MAT-1015,89,352.0
MAT-1015,90,330.0
MAT-1015,91,512.0
MAT-1015,92,280.0
MAT-1015,93,303.0
MAT-1015,94,399.0
MAT-1015,95,416.0
MAT-1015,96,426.0
MAT-1015,97,465.0
MAT-1015,98,398.0
MAT-1015,99,425.0
MAT-1015,100,354.0
MAT-1015,101,385.0
MAT-1015,102,389.0
MAT-1015,103,399.0
MAT-1015,104,452.0
MAT-1016,1,188.0
MAT-1016,2,0.0
MAT-1016,3,0.0
MAT-1016,4,112.0
MAT-1016,5,0.0
MAT-1016,6,243.0
MAT-1016,7,0.0
MAT-1016,8,0.0
MAT-1016,9,157.0
MAT-1016,10,0.0
MAT-1016,11,0.0
MAT-1016,12,137.0
MAT-1016,13,0.0
MAT-1016,14,256.0
MAT-1016,15,0.0
MAT-1016,16,281.0
MAT-1016,17,0.0
MAT-1016,18,0.0
MAT-1016,19,226.0
MAT-1016,20,285.0
MAT-1016,21,0.0
MAT-1016,22,0.0
MAT-1016,23,0.0
MAT-1016,24,219.0
MAT-1016,25,196.0
MAT-1016,26,0.0
MAT-1016,27,0.0
MAT-1016,28,0.0
MAT-1016,29,0.0
MAT-1016,30,0.0
MAT-1016,31,177.0
MAT-1016,32,238.0
MAT-1016,33,0.0
MAT-1016,34,0.0
MAT-1016,35,272.0
MAT-1016,36,0.0
MAT-1016,37,0.0
MAT-1016,38,0.0
MAT-1016,39,341.0
MAT-1016,40,0.0
MAT-1016,41,71.0
MAT-1016,42,0.0
MAT-1016,43,210.0
MAT-1016,44,286.0
MAT-1016,45,0.0
MAT-1016,46,241.0
MAT-1016,47,0.0
MAT-1016,48,258.0
MAT-1016,49,0.0
MAT-1016,50,0.0
MAT-1016,51,0.0
MAT-1016,52,240.0
MAT-1016,53,289.0
MAT-1016,54,0.0
MAT-1016,55,0.0
MAT-1016,56,290.0
MAT-1016,57,274.0
MAT-1016,58,0.0
MAT-1016,59,157.0
MAT-1016,60,0.0
MAT-1016,61,188.0
MAT-1016,62,175.0
MAT-1016,63,0.0
MAT-1016,64,0.0
MAT-1016,65,179.0
MAT-1016,66,0.0
MAT-1016,67,0.0
MAT-1016,68,0.0
MAT-1016,69,0.0
MAT-1016,70,0.0
MAT-1016,71,0.0
MAT-1016,72,0.0
MAT-1016,73,0.0
MAT-1016,74,305.0
MAT-1016,75,0.0
MAT-1016,76,0.0
MAT-1016,77,0.0
MAT-1016,78,0.0
MAT-1016,79,237.0
MAT-1016,80,0.0
MAT-1016,81,190.0
MAT-1016,82,0.0
MAT-1016,83,0.0
MAT-1016,84,0.0
MAT-1016,85,0.0
MAT-1016,86,0.0
MAT-1016,87,0.0
MAT-1016,88,0.0
MAT-1016,89,0.0
MAT-1016,90,0.0
MAT-1016,91,279.0
MAT-1016,92,0.0
MAT-1016,93,101.0
MAT-1016,94,0.0
MAT-1016,95,0.0
MAT-1016,96,0.0
MAT-1016,97,215.0
MAT-1016,98,402.0
MAT-1016,99,0.0
MAT-1016,100,282.0
MAT-1016,101,268.0
MAT-1016,102,0.0
MAT-1016,103,0.0
MAT-1016,104,66.0
MAT-1017,1,83.0
MAT-1017,2,127.0
MAT-1017,3,77.0
MAT-1017,4,100.0
MAT-1017,5,103.0
MAT-1017,6,148.0
MAT-1017,7,97.0
MAT-1017,8,41.0
MAT-1017,9,120.0
MAT-1017,10,88.0
MAT-1017,11,107.0
MAT-1017,12,104.0
MAT-1017,13,99.0
MAT-1017,14,127.0
MAT-1017,15,65.0
MAT-1017,16,92.0
MAT-1017,17,124.0
MAT-1017,18,90.0
MAT-1017,19,63.0
MAT-1017,20,124.0
MAT-1017,21,136.0
MAT-1017,22,105.0
MAT-1017,23,54.0
MAT-1017,24,125.0
MAT-1017,25,62.0
MAT-1017,26,114.0
MAT-1017,27,83.0
MAT-1017,28,75.0
MAT-1017,29,94.0
MAT-1017,30,101.0
MAT-1017,31,89.0
MAT-1017,32,122.0
MAT-1017,33,94.0
MAT-1017,34,132.0
MAT-1017,35,114.0
MAT-1017,36,88.0
MAT-1017,37,83.0
MAT-1017,38,62.0
MAT-1017,39,114.0
MAT-1017,40,97.0
MAT-1017,41,43.0
MAT-1017,42,92.0
MAT-1017,43,82.0
MAT-1017,44,148.0
MAT-1017,45,61.0
MAT-1017,46,68.0
MAT-1017,47,136.0
MAT-1017,48,142.0
MAT-1017,49,86.0
MAT-1017,50,89.0
MAT-1017,51,122.0
MAT-1017,52,44.0
MAT-1017,53,57.0
MAT-1017,54,99.0
MAT-1017,55,147.0
MAT-1017,56,95.0
MAT-1017,57,109.0
MAT-1017,58,136.0
MAT-1017,59,162.0
MAT-1017,60,91.0
MAT-1017,61,106.0
MAT-1017,62,154.0
MAT-1017,63,66.0
MAT-1017,64,133.0
MAT-1017,65,79.0
MAT-1017,66,109.0
MAT-1017,67,100.0
MAT-1017,68,81.0
MAT-1017,69,80.0
MAT-1017,70,113.0
MAT-1017,71,133.0
MAT-1017,72,103.0
MAT-1017,73,108.0
MAT-1017,74,121.0
MAT-1017,75,80.0
MAT-1017,76,126.0
MAT-1017,77,128.0
MAT-1017,78,175.0
MAT-1017,79,96.0
MAT-1017,80,94.0
MAT-1017,81,1400.0
MAT-1017,82,128.0
MAT-1017,83,92.0
MAT-1017,84,95.0
MAT-1017,85,120.0
MAT-1017,86,84.0
MAT-1017,87,95.0
MAT-1017,88,109.0
MAT-1017,89,133.0
MAT-1017,90,90.0
MAT-1017,91,57.0
MAT-1017,92,55.0
MAT-1017,93,73.0
MAT-1017,94,71.0
MAT-1017,95,102.0
MAT-1017,96,75.0
MAT-1017,97,87.0
MAT-1017,98,86.0
MAT-1017,99,94.0
MAT-1017,100,141.0
MAT-1017,101,124.0
MAT-1017,102,107.0
MAT-1017,103,94.0
MAT-1017,104,95.0
MAT-1018,1,130.0
MAT-1018,2,151.0
MAT-1018,3,141.0
MAT-1018,4,158.0
MAT-1018,5,124.0
MAT-1018,6,139.0
MAT-1018,7,103.0
MAT-1018,8,94.0
MAT-1018,9,160.0
MAT-1018,10,116.0
MAT-1018,11,132.0
MAT-1018,12,112.0
MAT-1018,13,91.0
MAT-1018,14,107.0
MAT-1018,15,148.0
MAT-1018,16,122.0
MAT-1018,17,55.0
MAT-1018,18,98.0
MAT-1018,19,155.0
MAT-1018,20,97.0
MAT-1018,21,50.0
MAT-1018,22,156.0
MAT-1018,23,120.0
MAT-1018,24,98.0
MAT-1018,25,89.0
MAT-1018,26,130.0
MAT-1018,27,82.0
MAT-1018,28,131.0
MAT-1018,29,112.0
MAT-1018,30,103.0
MAT-1018,31,99.0
MAT-1018,32,89.0
MAT-1018,33,124.0
MAT-1018,34,68.0
MAT-1018,35,45.0
MAT-1018,36,109.0
MAT-1018,37,109.0
MAT-1018,38,104.0
MAT-1018,39,101.0
MAT-1018,40,80.0
MAT-1018,41,111.0
MAT-1018,42,86.0
MAT-1018,43,73.0
MAT-1018,44,77.0
MAT-1018,45,144.0
MAT-1018,46,34.0
MAT-1018,47,98.0
MAT-1018,48,35.0
MAT-1018,49,79.0
MAT-1018,50,69.0
MAT-1018,51,21.0
MAT-1018,52,92.0
MAT-1018,53,69.0
MAT-1018,54,18.0
MAT-1018,55,103.0
MAT-1018,56,119.0
MAT-1018,57,120.0
MAT-1018,58,87.0
MAT-1018,59,77.0
MAT-1018,60,113.0
MAT-1018,61,123.0
MAT-1018,62,106.0
MAT-1018,63,46.0
MAT-1018,64,78.0
MAT-1018,65,84.0
MAT-1018,66,18.0
MAT-1018,67,84.0
MAT-1018,68,135.0
MAT-1018,69,87.0
MAT-1018,70,111.0
MAT-1018,71,73.0
MAT-1018,72,64.0
MAT-1018,73,77.0
MAT-1018,74,42.0
MAT-1018,75,37.0
MAT-1018,76,101.0
MAT-1018,77,103.0
MAT-1018,78,34.0
MAT-1018,79,90.0
MAT-1018,80,59.0
MAT-1018,81,70.0
MAT-1018,82,73.0
MAT-1018,83,88.0
MAT-1018,84,61.0
MAT-1018,85,98.0
MAT-1018,86,66.0
MAT-1018,87,74.0
MAT-1018,88,31.0
MAT-1018,89,117.0
MAT-1018,90,68.0
MAT-1018,91,74.0
MAT-1018,92,6.0
MAT-1018,93,28.0
MAT-1018,94,87.0
MAT-1018,95,59.0
MAT-1018,96,0.0
MAT-1018,97,79.0
MAT-1018,98,33.0
MAT-1018,99,89.0
MAT-1018,100,45.0
MAT-1018,101,52.0
MAT-1018,102,80.0
MAT-1018,103,19.0
MAT-1018,104,16.0
MAT-1019,1,296.0
MAT-1019,2,351.0
MAT-1019,3,501.0
MAT-1019,4,531.0
MAT-1019,5,353.0
MAT-1019,6,438.0
MAT-1019,7,465.0
MAT-1019,8,388.0
MAT-1019,9,480.0
MAT-1019,10,496.0
MAT-1019,11,602.0
MAT-1019,12,614.0
MAT-1019,13,486.0
MAT-1019,14,497.0
MAT-1019,15,571.0
MAT-1019,16,460.0
MAT-1019,17,555.0
MAT-1019,18,488.0
MAT-1019,19,402.0
MAT-1019,20,390.0
MAT-1019,21,582.0
MAT-1019,22,428.0
MAT-1019,23,564.0
MAT-1019,24,360.0
MAT-1019,25,410.0
MAT-1019,26,570.0
MAT-1019,27,253.0
MAT-1019,28,160.0
MAT-1019,29,413.0
MAT-1019,30,212.0
MAT-1019,31,262.0
MAT-1019,32,196.0
MAT-1019,33,253.0
MAT-1019,34,133.0
MAT-1019,35,187.0
MAT-1019,36,230.0
MAT-1019,37,96.0
MAT-1019,38,117.0
MAT-1019,39,143.0
MAT-1019,40,49.0
MAT-1019,41,137.0
MAT-1019,42,187.0
MAT-1019,43,149.0
MAT-1019,44,168.0
MAT-1019,45,201.0
MAT-1019,46,159.0
MAT-1019,47,289.0
MAT-1019,48,369.0
MAT-1019,49,224.0
MAT-1019,50,324.0
MAT-1019,51,282.0
MAT-1019,52,354.0
MAT-1019,53,478.0
MAT-1019,54,408.0
MAT-1019,55,232.0
MAT-1019,56,444.0
MAT-1019,57,529.0
MAT-1019,58,422.0
MAT-1019,59,543.0
MAT-1019,60,413.0
MAT-1019,61,357.0
MAT-1019,62,508.0
MAT-1019,63,353.0
MAT-1019,64,490.0
MAT-1019,65,625.0
MAT-1019,66,351.0
MAT-1019,67,404.0
MAT-1019,68,422.0
MAT-1019,69,499.0
MAT-1019,70,464.0
MAT-1019,71,605.0
MAT-1019,72,554.0
MAT-1019,73,500.0
MAT-1019,74,454.0
MAT-1019,75,457.0
MAT-1019,76,331.0
MAT-1019,77,458.0
MAT-1019,78,269.0
MAT-1019,79,415.0
MAT-1019,80,425.0
MAT-1019,81,321.0
MAT-1019,82,268.0
MAT-1019,83,298.0
MAT-1019,84,0.0
MAT-1019,85,256.0
MAT-1019,86,205.0
MAT-1019,87,198.0
MAT-1019,88,252.0
MAT-1019,89,177.0
MAT-1019,90,79.0
MAT-1019,91,161.0
MAT-1019,92,178.0
MAT-1019,93,183.0
MAT-1019,94,191.0
MAT-1019,95,272.0
MAT-1019,96,98.0
MAT-1019,97,217.0
MAT-1019,98,326.0
MAT-1019,99,81.0
MAT-1019,100,261.0
MAT-1019,101,214.0
MAT-1019,102,251.0
MAT-1019,103,225.0
MAT-1019,104,308.0
MAT-1020,1,18.0
MAT-1020,2,31.0
MAT-1020,3,39.0
MAT-1020,4,21.0
MAT-1020,5,35.0
MAT-1020,6,33.0
MAT-1020,7,36.0
MAT-1020,8,37.0
MAT-1020,9,25.0
MAT-1020,10,18.0
MAT-1020,11,26.0
MAT-1020,12,37.0
MAT-1020,13,26.0
MAT-1020,14,25.0
MAT-1020,15,17.0
MAT-1020,16,44.0
MAT-1020,17,37.0
MAT-1020,18,36.0
MAT-1020,19,38.0
MAT-1020,20,35.0
MAT-1020,21,29.0
MAT-1020,22,29.0
MAT-1020,23,27.0
MAT-1020,24,50.0
MAT-1020,25,35.0
MAT-1020,26,27.0
MAT-1020,27,34.0
MAT-1020,28,23.0
MAT-1020,29,42.0
MAT-1020,30,25.0
MAT-1020,31,34.0
MAT-1020,32,38.0
MAT-1020,33,33.0
MAT-1020,34,31.0
MAT-1020,35,30.0
MAT-1020,36,30.0
MAT-1020,37,26.0
MAT-1020,38,27.0
MAT-1020,39,42.0
MAT-1020,40,30.0
MAT-1020,41,24.0
MAT-1020,42,26.0
MAT-1020,43,39.0
MAT-1020,44,36.0
MAT-1020,45,35.0
MAT-1020,46,28.0
MAT-1020,47,35.0
MAT-1020,48,25.0
MAT-1020,49,28.0
MAT-1020,50,38.0
MAT-1020,51,37.0
MAT-1020,52,23.0
MAT-1020,53,24.0
MAT-1020,54,31.0
MAT-1020,55,43.0
MAT-1020,56,16.0
MAT-1020,57,32.0
MAT-1020,58,20.0
MAT-1020,59,26.0
MAT-1020,60,28.0
MAT-1020,61,27.0
MAT-1020,62,26.0
MAT-1020,63,30.0
MAT-1020,64,26.0
MAT-1020,65,19.0
MAT-1020,66,36.0
MAT-1020,67,36.0
MAT-1020,68,37.0
MAT-1020,69,19.0
MAT-1020,70,33.0
MAT-1020,71,36.0
MAT-1020,72,23.0
MAT-1020,73,30.0
MAT-1020,74,29.0
MAT-1020,75,44.0
MAT-1020,76,45.0
MAT-1020,77,18.0
MAT-1020,78,49.0
MAT-1020,79,23.0
MAT-1020,80,38.0
MAT-1020,81,38.0
MAT-1020,82,23.0
MAT-1020,83,34.0
MAT-1020,84,30.0
MAT-1020,85,35.0
MAT-1020,86,32.0
MAT-1020,87,39.0
MAT-1020,88,31.0
MAT-1020,89,29.0
MAT-1020,90,39.0
MAT-1020,91,35.0
MAT-1020,92,36.0
MAT-1020,93,25.0
MAT-1020,94,22.0
MAT-1020,95,26.0
MAT-1020,96,26.0
MAT-1020,97,36.0
MAT-1020,98,38.0
MAT-1020,99,29.0
MAT-1020,100,41.0
MAT-1020,101,41.0
MAT-1020,102,32.0
MAT-1020,103,24.0
MAT-1020,104,42.0
MAT-1021,1,0.0
MAT-1021,2,0.0
MAT-1021,3,0.0
MAT-1021,4,296.0
MAT-1021,5,0.0
MAT-1021,6,565.0
MAT-1021,7,0.0
MAT-1021,8,0.0
MAT-1021,9,772.0
MAT-1021,10,641.0
MAT-1021,11,815.0
MAT-1021,12,518.0
MAT-1021,13,0.0
MAT-1021,14,0.0
MAT-1021,15,0.0
MAT-1021,16,315.0
MAT-1021,17,0.0
MAT-1021,18,672.0
MAT-1021,19,0.0
MAT-1021,20,748.0
MAT-1021,21,649.0
MAT-1021,22,0.0
MAT-1021,23,256.0
MAT-1021,24,0.0
MAT-1021,25,0.0
MAT-1021,26,181.0
MAT-1021,27,0.0
MAT-1021,28,0.0
MAT-1021,29,0.0
MAT-1021,30,0.0
MAT-1021,31,0.0
MAT-1021,32,0.0
MAT-1021,33,0.0
MAT-1021,34,0.0
MAT-1021,35,428.0
MAT-1021,36,417.0
MAT-1021,37,0.0
MAT-1021,38,595.0
MAT-1021,39,168.0
MAT-1021,40,312.0
MAT-1021,41,0.0
MAT-1021,42,599.0
MAT-1021,43,0.0
MAT-1021,44,0.0
MAT-1021,45,0.0
MAT-1021,46,658.0
MAT-1021,47,0.0
MAT-1021,48,0.0
MAT-1021,49,0.0
MAT-1021,50,0.0
MAT-1021,51,629.0
MAT-1021,52,0.0
MAT-1021,53,591.0
MAT-1021,54,0.0
MAT-1021,55,0.0
MAT-1021,56,553.0
MAT-1021,57,0.0
MAT-1021,58,381.0
MAT-1021,59,0.0
MAT-1021,60,0.0
MAT-1021,61,507.0
MAT-1021,62,371.0
MAT-1021,63,0.0
MAT-1021,64,563.0
MAT-1021,65,0.0
MAT-1021,66,0.0
MAT-1021,67,0.0
MAT-1021,68,685.0
MAT-1021,69,0.0
MAT-1021,70,0.0
MAT-1021,71,364.0
MAT-1021,72,369.0
MAT-1021,73,515.0
MAT-1021,74,0.0
MAT-1021,75,0.0
MAT-1021,76,0.0
MAT-1021,77,0.0
MAT-1021,78,410.0
MAT-1021,79,473.0
MAT-1021,80,736.0
MAT-1021,81,0.0
MAT-1021,82,0.0
MAT-1021,83,0.0
MAT-1021,84,0.0
MAT-1021,85,529.0
MAT-1021,86,573.0
MAT-1021,87,605.0
MAT-1021,88,0.0
MAT-1021,89,0.0
MAT-1021,90,0.0
MAT-1021,91,565.0
MAT-1021,92,252.0
MAT-1021,93,0.0
MAT-1021,94,0.0
MAT-1021,95,0.0
MAT-1021,96,0.0
MAT-1021,97,0.0
MAT-1021,98,0.0
MAT-1021,99,0.0
MAT-1021,100,0.0
MAT-1021,101,0.0
MAT-1021,102,0.0
MAT-1021,103,436.0
MAT-1021,104,0.0
MAT-1022,1,91.0
MAT-1022,2,121.0
MAT-1022,3,149.0
MAT-1022,4,160.0
MAT-1022,5,136.0
MAT-1022,6,122.0
MAT-1022,7,135.0
MAT-1022,8,95.0
MAT-1022,9,110.0
MAT-1022,10,91.0
MAT-1022,11,78.0
MAT-1022,12,124.0
MAT-1022,13,119.0
MAT-1022,14,134.0
MAT-1022,15,130.0
MAT-1022,16,121.0
MAT-1022,17,130.0
MAT-1022,18,113.0
MAT-1022,19,126.0
MAT-1022,20,93.0
MAT-1022,21,125.0
MAT-1022,22,133.0
MAT-1022,23,95.0
MAT-1022,24,116.0
MAT-1022,25,96.0
MAT-1022,26,99.0
MAT-1022,27,82.0
MAT-1022,28,150.0
MAT-1022,29,144.0
MAT-1022,30,129.0
MAT-1022,31,170.0
MAT-1022,32,109.0
MAT-1022,33,201.0
MAT-1022,34,108.0
MAT-1022,35,121.0
MAT-1022,36,103.0
MAT-1022,37,125.0
MAT-1022,38,138.0
MAT-1022,39,111.0
MAT-1022,40,165.0
MAT-1022,41,121.0
MAT-1022,42,122.0
MAT-1022,43,88.0
MAT-1022,44,126.0
MAT-1022,45,110.0
MAT-1022,46,97.0
MAT-1022,47,92.0
MAT-1022,48,190.0
MAT-1022,49,107.0
MAT-1022,50,73.0
MAT-1022,51,94.0
MAT-1022,52,113.0
MAT-1022,53,130.0
MAT-1022,54,130.0
MAT-1022,55,133.0
MAT-1022,56,96.0
MAT-1022,57,124.0
MAT-1022,58,89.0
MAT-1022,59,96.0
MAT-1022,60,88.0
MAT-1022,61,80.0
MAT-1022,62,144.0
MAT-1022,63,134.0
MAT-1022,64,142.0
MAT-1022,65,115.0
MAT-1022,66,136.0
MAT-1022,67,64.0
MAT-1022,68,139.0
MAT-1022,69,119.0
MAT-1022,70,132.0
MAT-1022,71,125.0
MAT-1022,72,86.0
MAT-1022,73,71.0
MAT-1022,74,94.0
MAT-1022,75,130.0
MAT-1022,76,134.0
MAT-1022,77,75.0
MAT-1022,78,86.0
MAT-1022,79,93.0
MAT-1022,80,104.0
MAT-1022,81,75.0
MAT-1022,82,74.0
MAT-1022,83,91.0
MAT-1022,84,117.0
MAT-1022,85,80.0
MAT-1022,86,111.0
MAT-1022,87,144.0
MAT-1022,88,77.0
MAT-1022,89,108.0
MAT-1022,90,143.0
MAT-1022,91,102.0
MAT-1022,92,98.0
MAT-1022,93,147.0
MAT-1022,94,105.0
MAT-1022,95,146.0
MAT-1022,96,126.0
MAT-1022,97,104.0
MAT-1022,98,128.0
MAT-1022,99,123.0
MAT-1022,100,143.0
MAT-1022,101,98.0
MAT-1022,102,115.0
MAT-1022,103,112.0
MAT-1022,104,134.0
MAT-1023,1,51.0
MAT-1023,2,54.0
MAT-1023,3,52.0
MAT-1023,4,38.0
MAT-1023,5,32.0
MAT-1023,6,58.0
MAT-1023,7,50.0
MAT-1023,8,62.0
MAT-1023,9,47.0
MAT-1023,10,31.0
MAT-1023,11,60.0
MAT-1023,12,44.0
MAT-1023,13,52.0
MAT-1023,14,40.0
MAT-1023,15,68.0
MAT-1023,16,37.0
MAT-1023,17,44.0
MAT-1023,18,49.0
MAT-1023,19,35.0
MAT-1023,20,52.0
MAT-1023,21,67.0
MAT-1023,22,42.0
MAT-1023,23,53.0
MAT-1023,24,15.0
MAT-1023,25,47.0
MAT-1023,26,44.0
MAT-1023,27,38.0
MAT-1023,28,61.0
MAT-1023,29,44.0
MAT-1023,30,46.0
MAT-1023,31,43.0
MAT-1023,32,25.0
MAT-1023,33,34.0
MAT-1023,34,59.0
MAT-1023,35,23.0
MAT-1023,36,39.0
MAT-1023,37,43.0
MAT-1023,38,69.0
MAT-1023,39,57.0
MAT-1023,40,41.0
MAT-1023,41,64.0
MAT-1023,42,39.0
MAT-1023,43,60.0
MAT-1023,44,32.0
MAT-1023,45,61.0
MAT-1023,46,43.0
MAT-1023,47,36.0
MAT-1023,48,45.0
MAT-1023,49,51.0
MAT-1023,50,42.0
MAT-1023,51,55.0
MAT-1023,52,41.0
MAT-1023,53,55.0
MAT-1023,54,53.0
MAT-1023,55,47.0
MAT-1023,56,43.0
MAT-1023,57,50.0
MAT-1023,58,55.0
MAT-1023,59,73.0
MAT-1023,60,59.0
MAT-1023,61,60.0
MAT-1023,62,85.0
MAT-1023,63,54.0
MAT-1023,64,54.0
MAT-1023,65,56.0
MAT-1023,66,36.0
MAT-1023,67,43.0
MAT-1023,68,42.0
MAT-1023,69,56.0
MAT-1023,70,46.0
MAT-1023,71,50.0
MAT-1023,72,61.0
MAT-1023,73,58.0
MAT-1023,74,46.0
MAT-1023,75,40.0
MAT-1023,76,62.0
MAT-1023,77,57.0
MAT-1023,78,29.0
MAT-1023,79,44.0
MAT-1023,80,50.0
MAT-1023,81,57.0
MAT-1023,82,59.0
MAT-1023,83,51.0
MAT-1023,84,55.0
MAT-1023,85,49.0
MAT-1023,86,40.0
MAT-1023,87,45.0
MAT-1023,88,48.0
MAT-1023,89,48.0
MAT-1023,90,25.0
MAT-1023,91,43.0
MAT-1023,92,49.0
MAT-1023,93,45.0
MAT-1023,94,45.0
MAT-1023,95,54.0
MAT-1023,96,35.0
MAT-1023,97,28.0
MAT-1023,98,44.0
MAT-1023,99,57.0
MAT-1023,100,68.0
MAT-1023,101,57.0
MAT-1023,102,30.0
MAT-1023,103,45.0
MAT-1023,104,51.0
MAT-1024,1,149.0
MAT-1024,2,135.0
MAT-1024,3,89.0
MAT-1024,4,91.0
MAT-1024,5,124.0
MAT-1024,6,144.0
MAT-1024,7,123.0
MAT-1024,8,167.0
MAT-1024,9,135.0
MAT-1024,10,110.0
MAT-1024,11,135.0
MAT-1024,12,153.0
MAT-1024,13,156.0
MAT-1024,14,213.0
MAT-1024,15,120.0
MAT-1024,16,142.0
MAT-1024,17,160.0
MAT-1024,18,144.0
MAT-1024,19,127.0
MAT-1024,20,89.0
MAT-1024,21,126.0
MAT-1024,22,106.0
MAT-1024,23,82.0
MAT-1024,24,116.0
MAT-1024,25,107.0
MAT-1024,26,166.0
MAT-1024,27,166.0
MAT-1024,28,112.0
MAT-1024,29,135.0
MAT-1024,30,77.0
MAT-1024,31,127.0
MAT-1024,32,159.0
MAT-1024,33,174.0
MAT-1024,34,119.0
MAT-1024,35,183.0
MAT-1024,36,90.0
MAT-1024,37,100.0
MAT-1024,38,170.0
MAT-1024,39,205.0
MAT-1024,40,162.0
MAT-1024,41,143.0
MAT-1024,42,65.0
MAT-1024,43,71.0
MAT-1024,44,149.0
MAT-1024,45,132.0
MAT-1024,46,105.0
MAT-1024,47,147.0
MAT-1024,48,149.0
MAT-1024,49,179.0
MAT-1024,50,150.0
MAT-1024,51,189.0
MAT-1024,52,145.0
MAT-1024,53,140.0
MAT-1024,54,183.0
MAT-1024,55,109.0
MAT-1024,56,246.0
MAT-1024,57,158.0
MAT-1024,58,158.0
MAT-1024,59,164.0
MAT-1024,60,212.0
MAT-1024,61,173.0
MAT-1024,62,87.0
MAT-1024,63,195.0
MAT-1024,64,132.0
MAT-1024,65,148.0
MAT-1024,66,98.0
MAT-1024,67,164.0
MAT-1024,68,121.0
MAT-1024,69,148.0
MAT-1024,70,134.0
MAT-1024,71,214.0
MAT-1024,72,216.0
MAT-1024,73,146.0
MAT-1024,74,147.0
MAT-1024,75,131.0
MAT-1024,76,185.0
MAT-1024,77,133.0
MAT-1024,78,129.0
MAT-1024,79,180.0
MAT-1024,80,125.0
MAT-1024,81,143.0
MAT-1024,82,87.0
MAT-1024,83,170.0
MAT-1024,84,215.0
MAT-1024,85,171.0
MAT-1024,86,197.0
MAT-1024,87,114.0
MAT-1024,88,153.0
MAT-1024,89,111.0
MAT-1024,90,136.0
MAT-1024,91,173.0
MAT-1024,92,148.0
MAT-1024,93,94.0
MAT-1024,94,97.0
MAT-1024,95,95.0
MAT-1024,96,162.0
MAT-1024,97,219.0
MAT-1024,98,194.0
MAT-1024,99,76.0
MAT-1024,100,196.0
MAT-1024,101,1914.0
MAT-1024,102,89.0
MAT-1024,103,134.0
MAT-1024,104,184.0
MAT-1025,1,53.0
MAT-1025,2,64.0
MAT-1025,3,73.0
MAT-1025,4,94.0
MAT-1025,5,68.0
MAT-1025,6,86.0
MAT-1025,7,88.0
MAT-1025,8,65.0
MAT-1025,9,79.0
MAT-1025,10,65.0
MAT-1025,11,92.0
MAT-1025,12,80.0
MAT-1025,13,49.0
MAT-1025,14,72.0
MAT-1025,15,98.0
MAT-1025,16,66.0
MAT-1025,17,77.0
MAT-1025,18,78.0
MAT-1025,19,51.0
MAT-1025,20,78.0
MAT-1025,21,45.0
MAT-1025,22,58.0
MAT-1025,23,88.0
MAT-1025,24,75.0
MAT-1025,25,64.0
MAT-1025,26,77.0
MAT-1025,27,68.0
MAT-1025,28,69.0
MAT-1025,29,80.0
MAT-1025,30,57.0
MAT-1025,31,70.0
MAT-1025,32,64.0
MAT-1025,33,42.0
MAT-1025,34,53.0
MAT-1025,35,96.0
MAT-1025,36,76.0
MAT-1025,37,46.0
MAT-1025,38,42.0
MAT-1025,39,67.0
MAT-1025,40,96.0
MAT-1025,41,66.0
MAT-1025,42,92.0
MAT-1025,43,75.0
MAT-1025,44,77.0
MAT-1025,45,46.0
MAT-1025,46,85.0
MAT-1025,47,63.0
MAT-1025,48,84.0
MAT-1025,49,55.0
MAT-1025,50,72.0
MAT-1025,51,75.0
MAT-1025,52,66.0
MAT-1025,53,76.0
MAT-1025,54,64.0
MAT-1025,55,58.0
MAT-1025,56,97.0
MAT-1025,57,87.0
MAT-1025,58,56.0
MAT-1025,59,79.0
MAT-1025,60,56.0
MAT-1025,61,49.0
MAT-1025,62,87.0
MAT-1025,63,40.0
MAT-1025,64,85.0
MAT-1025,65,65.0
MAT-1025,66,65.0
MAT-1025,67,76.0
MAT-1025,68,79.0
MAT-1025,69,55.0
MAT-1025,70,81.0
MAT-1025,71,71.0
MAT-1025,72,47.0
MAT-1025,73,66.0
MAT-1025,74,93.0
MAT-1025,75,98.0
MAT-1025,76,81.0
MAT-1025,77,49.0
MAT-1025,78,78.0
MAT-1025,79,84.0
MAT-1025,80,82.0
MAT-1025,81,83.0
MAT-1025,82,75.0
MAT-1025,83,68.0
MAT-1025,84,59.0
MAT-1025,85,36.0
MAT-1025,86,75.0
MAT-1025,87,72.0
MAT-1025,88,79.0
MAT-1025,89,46.0
MAT-1025,90,80.0
MAT-1025,91,105.0
MAT-1025,92,70.0
MAT-1025,93,68.0
MAT-1025,94,74.0
MAT-1025,95,104.0
MAT-1025,96,51.0
MAT-1025,97,73.0
MAT-1025,98,55.0
MAT-1025,99,60.0
MAT-1025,100,68.0
MAT-1025,101,92.0
MAT-1025,102,100.0
MAT-1025,103,77.0
MAT-1025,104,63.0
MAT-1026,1,213.0
MAT-1026,2,345.0
MAT-1026,3,269.0
MAT-1026,4,411.0
MAT-1026,5,276.0
MAT-1026,6,210.0
MAT-1026,7,357.0
MAT-1026,8,316.0
MAT-1026,9,323.0
MAT-1026,10,354.0
MAT-1026,11,228.0
MAT-1026,12,264.0
MAT-1026,13,261.0
MAT-1026,14,185.0
MAT-1026,15,255.0
MAT-1026,16,364.0
MAT-1026,17,289.0
MAT-1026,18,181.0
MAT-1026,19,167.0
MAT-1026,20,387.0
MAT-1026,21,267.0
MAT-1026,22,229.0
MAT-1026,23,254.0
MAT-1026,24,172.0
MAT-1026,25,370.0
MAT-1026,26,246.0
MAT-1026,27,366.0
MAT-1026,28,277.0
MAT-1026,29,371.0
MAT-1026,30,291.0
MAT-1026,31,331.0
MAT-1026,32,322.0
MAT-1026,33,316.0
MAT-1026,34,297.0
MAT-1026,35,257.0
MAT-1026,36,404.0
MAT-1026,37,211.0
MAT-1026,38,273.0
MAT-1026,39,274.0
MAT-1026,40,300.0
MAT-1026,41,244.0
MAT-1026,42,294.0
MAT-1026,43,261.0
MAT-1026,44,165.0
MAT-1026,45,274.0
MAT-1026,46,198.0
MAT-1026,47,155.0
MAT-1026,48,282.0
MAT-1026,49,306.0
MAT-1026,50,309.0
MAT-1026,51,312.0
MAT-1026,52,141.0
MAT-1026,53,180.0
MAT-1026,54,408.0
MAT-1026,55,202.0
MAT-1026,56,315.0
MAT-1026,57,226.0
MAT-1026,58,278.0
MAT-1026,59,230.0
MAT-1026,60,311.0
MAT-1026,61,282.0
MAT-1026,62,242.0
MAT-1026,63,201.0
MAT-1026,64,291.0
MAT-1026,65,190.0
MAT-1026,66,302.0
MAT-1026,67,452.0
MAT-1026,68,365.0
MAT-1026,69,322.0
MAT-1026,70,267.0
MAT-1026,71,141.0
MAT-1026,72,183.0
MAT-1026,73,361.0
MAT-1026,74,219.0
MAT-1026,75,225.0
MAT-1026,76,262.0
MAT-1026,77,201.0
MAT-1026,78,189.0
MAT-1026,79,270.0
MAT-1026,80,212.0
MAT-1026,81,222.0
MAT-1026,82,220.0
MAT-1026,83,309.0
MAT-1026,84,257.0
MAT-1026,85,261.0
MAT-1026,86,314.0
MAT-1026,87,263.0
MAT-1026,88,254.0
MAT-1026,89,305.0
MAT-1026,90,319.0
MAT-1026,91,263.0
MAT-1026,92,278.0
MAT-1026,93,220.0
MAT-1026,94,214.0
MAT-1026,95,325.0
MAT-1026,96,303.0
MAT-1026,97,304.0
MAT-1026,98,292.0
MAT-1026,99,276.0
MAT-1026,100,321.0
MAT-1026,101,337.0
MAT-1026,102,335.0
MAT-1026,103,266.0
MAT-1026,104,368.0
MAT-1027,1,214.0
MAT-1027,2,142.0
MAT-1027,3,229.0
MAT-1027,4,159.0
MAT-1027,5,143.0
MAT-1027,6,161.0
MAT-1027,7,201.0
MAT-1027,8,157.0
MAT-1027,9,144.0
MAT-1027,10,156.0
MAT-1027,11,108.0
MAT-1027,12,180.0
MAT-1027,13,84.0
MAT-1027,14,141.0
MAT-1027,15,193.0
MAT-1027,16,172.0
MAT-1027,17,183.0
MAT-1027,18,154.0
MAT-1027,19,206.0
MAT-1027,20,195.0
MAT-1027,21,173.0
MAT-1027,22,193.0
MAT-1027,23,184.0
MAT-1027,24,131.0
MAT-1027,25,91.0
MAT-1027,26,166.0
MAT-1027,27,171.0
MAT-1027,28,194.0
MAT-1027,29,104.0
MAT-1027,30,104.0
MAT-1027,31,163.0
MAT-1027,32,139.0
MAT-1027,33,59.0
MAT-1027,34,156.0
MAT-1027,35,58.0
MAT-1027,36,97.0
MAT-1027,37,196.0
MAT-1027,38,215.0
MAT-1027,39,82.0
MAT-1027,40,119.0
MAT-1027,41,134.0
MAT-1027,42,209.0
MAT-1027,43,109.0
MAT-1027,44,109.0
MAT-1027,45,196.0
MAT-1027,46,111.0
MAT-1027,47,158.0
MAT-1027,48,61.0
MAT-1027,49,117.0
MAT-1027,50,51.0
MAT-1027,51,76.0
MAT-1027,52,158.0
MAT-1027,53,118.0
MAT-1027,54,105.0
MAT-1027,55,85.0
MAT-1027,56,107.0
MAT-1027,57,129.0
MAT-1027,58,158.0
MAT-1027,59,0.0
MAT-1027,60,76.0
MAT-1027,61,118.0
MAT-1027,62,106.0
MAT-1027,63,127.0
MAT-1027,64,120.0
MAT-1027,65,94.0
MAT-1027,66,83.0
MAT-1027,67,95.0
MAT-1027,68,154.0
MAT-1027,69,71.0
MAT-1027,70,99.0
MAT-1027,71,109.0
MAT-1027,72,168.0
MAT-1027,73,86.0
MAT-1027,74,140.0
MAT-1027,75,151.0
MAT-1027,76,93.0
MAT-1027,77,86.0
MAT-1027,78,79.0
MAT-1027,79,82.0
MAT-1027,80,129.0
MAT-1027,81,101.0
MAT-1027,82,100.0
MAT-1027,83,40.0
MAT-1027,84,45.0
MAT-1027,85,180.0
MAT-1027,86,78.0
MAT-1027,87,51.0
MAT-1027,88,146.0
MAT-1027,89,95.0
MAT-1027,90,106.0
MAT-1027,91,74.0
MAT-1027,92,65.0
MAT-1027,93,71.0
MAT-1027,94,17.0
MAT-1027,95,72.0
MAT-1027,96,88.0
MAT-1027,97,155.0
MAT-1027,98,77.0
MAT-1027,99,0.0
MAT-1027,100,67.0
MAT-1027,101,189.0
MAT-1027,102,106.0
MAT-1027,103,32.0
MAT-1027,104,92.0
MAT-1028,1,45.0
MAT-1028,2,39.0
MAT-1028,3,60.0
MAT-1028,4,42.0
MAT-1028,5,65.0
MAT-1028,6,58.0
MAT-1028,7,84.0
MAT-1028,8,72.0
MAT-1028,9,86.0
MAT-1028,10,62.0
MAT-1028,11,74.0
MAT-1028,12,62.0
MAT-1028,13,69.0
MAT-1028,14,71.0
MAT-1028,15,65.0
MAT-1028,16,59.0
MAT-1028,17,55.0
MAT-1028,18,43.0
MAT-1028,19,57.0
MAT-1028,20,76.0
MAT-1028,21,46.0
MAT-1028,22,47.0
MAT-1028,23,84.0
MAT-1028,24,51.0
MAT-1028,25,60.0
MAT-1028,26,61.0
MAT-1028,27,58.0
MAT-1028,28,28.0
MAT-1028,29,41.0
MAT-1028,30,21.0
MAT-1028,31,69.0
MAT-1028,32,16.0
MAT-1028,33,20.0
MAT-1028,34,18.0
MAT-1028,35,11.0
MAT-1028,36,45.0
MAT-1028,37,57.0
MAT-1028,38,20.0
MAT-1028,39,9.0
MAT-1028,40,0.0
MAT-1028,41,22.0
MAT-1028,42,22.0
MAT-1028,43,18.0
MAT-1028,44,31.0
MAT-1028,45,34.0
MAT-1028,46,35.0
MAT-1028,47,29.0
MAT-1028,48,22.0
MAT-1028,49,47.0
MAT-1028,50,41.0
MAT-1028,51,55.0
MAT-1028,52,57.0
MAT-1028,53,32.0
MAT-1028,54,35.0
MAT-1028,55,46.0
MAT-1028,56,45.0
MAT-1028,57,71.0
MAT-1028,58,68.0
MAT-1028,59,80.0
MAT-1028,60,73.0
MAT-1028,61,73.0
MAT-1028,62,87.0
MAT-1028,63,79.0
MAT-1028,64,75.0
MAT-1028,65,93.0
MAT-1028,66,76.0
MAT-1028,67,71.0
MAT-1028,68,64.0
MAT-1028,69,82.0
MAT-1028,70,87.0
MAT-1028,71,70.0
MAT-1028,72,85.0
MAT-1028,73,42.0
MAT-1028,74,63.0
MAT-1028,75,61.0
MAT-1028,76,50.0
MAT-1028,77,85.0
MAT-1028,78,52.0
MAT-1028,79,45.0
MAT-1028,80,47.0
MAT-1028,81,19.0
MAT-1028,82,32.0
MAT-1028,83,50.0
MAT-1028,84,28.0
MAT-1028,85,23.0
MAT-1028,86,47.0
MAT-1028,87,46.0
MAT-1028,88,34.0
MAT-1028,89,21.0
MAT-1028,90,23.0
MAT-1028,91,15.0
MAT-1028,92,13.0
MAT-1028,93,12.0
MAT-1028,94,18.0
MAT-1028,95,14.0
MAT-1028,96,8.0
MAT-1028,97,32.0
MAT-1028,98,34.0
MAT-1028,99,54.0
MAT-1028,100,27.0
MAT-1028,101,42.0
MAT-1028,102,45.0
MAT-1028,103,41.0
MAT-1028,104,56.0
MAT-1029,1,251.0
MAT-1029,2,247.0
MAT-1029,3,273.0
MAT-1029,4,334.0
MAT-1029,5,246.0
MAT-1029,6,231.0
MAT-1029,7,326.0
MAT-1029,8,296.0
MAT-1029,9,223.0
MAT-1029,10,243.0
MAT-1029,11,256.0
MAT-1029,12,267.0
MAT-1029,13,169.0
MAT-1029,14,160.0
MAT-1029,15,199.0
MAT-1029,16,196.0
MAT-1029,17,216.0
MAT-1029,18,291.0
MAT-1029,19,246.0
MAT-1029,20,268.0
MAT-1029,21,188.0
MAT-1029,22,233.0
MAT-1029,23,295.0
MAT-1029,24,297.0
MAT-1029,25,222.0
MAT-1029,26,274.0
MAT-1029,27,393.0
MAT-1029,28,267.0
MAT-1029,29,229.0
MAT-1029,30,261.0
MAT-1029,31,277.0
MAT-1029,32,265.0
MAT-1029,33,273.0
MAT-1029,34,193.0
MAT-1029,35,222.0
MAT-1029,36,270.0
MAT-1029,37,271.0
MAT-1029,38,249.0
MAT-1029,39,273.0
MAT-1029,40,288.0
MAT-1029,41,337.0
MAT-1029,42,281.0
MAT-1029,43,312.0
MAT-1029,44,259.0
MAT-1029,45,324.0
MAT-1029,46,314.0
MAT-1029,47,344.0
MAT-1029,48,337.0
MAT-1029,49,331.0
MAT-1029,50,293.0
MAT-1029,51,314.0
MAT-1029,52,362.0
MAT-1029,53,265.0
MAT-1029,54,268.0
MAT-1029,55,316.0
MAT-1029,56,330.0
MAT-1029,57,260.0
MAT-1029,58,305.0
MAT-1029,59,305.0
MAT-1029,60,184.0
MAT-1029,61,301.0
MAT-1029,62,306.0
MAT-1029,63,307.0
MAT-1029,64,399.0
MAT-1029,65,249.0
MAT-1029,66,273.0
MAT-1029,67,171.0
MAT-1029,68,295.0
MAT-1029,69,302.0
MAT-1029,70,297.0
MAT-1029,71,391.0
MAT-1029,72,378.0
MAT-1029,73,335.0
MAT-1029,74,310.0
MAT-1029,75,392.0
MAT-1029,76,333.0
MAT-1029,77,288.0
MAT-1029,78,238.0
MAT-1029,79,313.0
MAT-1029,80,383.0
MAT-1029,81,472.0
MAT-1029,82,346.0
MAT-1029,83,300.0
MAT-1029,84,277.0
MAT-1029,85,378.0
MAT-1029,86,246.0
MAT-1029,87,381.0
MAT-1029,88,398.0
MAT-1029,89,377.0
MAT-1029,90,341.0
MAT-1029,91,388.0
MAT-1029,92,366.0
MAT-1029,93,313.0
MAT-1029,94,466.0
MAT-1029,95,340.0
MAT-1029,96,407.0
MAT-1029,97,224.0
MAT-1029,98,438.0
MAT-1029,99,451.0
MAT-1029,100,369.0
MAT-1029,101,401.0
MAT-1029,102,402.0
MAT-1029,103,335.0
MAT-1029,104,404.0
MAT-1030,1,39.0
MAT-1030,2,76.0
MAT-1030,3,44.0
MAT-1030,4,37.0
MAT-1030,5,55.0
MAT-1030,6,22.0
MAT-1030,7,42.0
MAT-1030,8,61.0
MAT-1030,9,40.0
MAT-1030,10,23.0
MAT-1030,11,37.0
MAT-1030,12,56.0
MAT-1030,13,45.0
MAT-1030,14,32.0
MAT-1030,15,34.0
MAT-1030,16,35.0
MAT-1030,17,45.0
MAT-1030,18,55.0
MAT-1030,19,52.0
MAT-1030,20,46.0
MAT-1030,21,27.0
MAT-1030,22,27.0
MAT-1030,23,46.0
MAT-1030,24,27.0
MAT-1030,25,39.0
MAT-1030,26,44.0
MAT-1030,27,29.0
MAT-1030,28,30.0
MAT-1030,29,40.0
MAT-1030,30,46.0
MAT-1030,31,52.0
MAT-1030,32,47.0
MAT-1030,33,42.0
MAT-1030,34,33.0
MAT-1030,35,30.0
MAT-1030,36,36.0
MAT-1030,37,45.0
MAT-1030,38,44.0
MAT-1030,39,19.0
MAT-1030,40,33.0
MAT-1030,41,53.0
MAT-1030,42,42.0
MAT-1030,43,26.0
MAT-1030,44,65.0
MAT-1030,45,41.0
MAT-1030,46,45.0
MAT-1030,47,45.0
MAT-1030,48,37.0
MAT-1030,49,33.0
MAT-1030,50,63.0
MAT-1030,51,51.0
MAT-1030,52,49.0
MAT-1030,53,47.0
MAT-1030,54,31.0
MAT-1030,55,54.0
MAT-1030,56,32.0
MAT-1030,57,44.0
MAT-1030,58,24.0
MAT-1030,59,20.0
MAT-1030,60,44.0
MAT-1030,61,33.0
MAT-1030,62,21.0
MAT-1030,63,46.0
MAT-1030,64,63.0
MAT-1030,65,55.0
MAT-1030,66,38.0
MAT-1030,67,41.0
MAT-1030,68,50.0
MAT-1030,69,52.0
MAT-1030,70,37.0
MAT-1030,71,41.0
MAT-1030,72,44.0
MAT-1030,73,47.0
MAT-1030,74,39.0
MAT-1030,75,40.0
MAT-1030,76,55.0
MAT-1030,77,53.0
MAT-1030,78,46.0
MAT-1030,79,58.0
MAT-1030,80,37.0
MAT-1030,81,57.0
MAT-1030,82,46.0
MAT-1030,83,74.0
MAT-1030,84,29.0
MAT-1030,85,34.0
MAT-1030,86,45.0
MAT-1030,87,45.0
MAT-1030,88,61.0
MAT-1030,89,34.0
MAT-1030,90,50.0
MAT-1030,91,53.0
MAT-1030,92,48.0
MAT-1030,93,31.0
MAT-1030,94,55.0
MAT-1030,95,53.0
MAT-1030,96,47.0
MAT-1030,97,43.0
MAT-1030,98,43.0
MAT-1030,99,40.0
MAT-1030,100,47.0
MAT-1030,101,41.0
MAT-1030,102,32.0
MAT-1030,103,30.0
MAT-1030,104,33.0
MAT-1031,1,265.0
MAT-1031,2,350.0
MAT-1031,3,276.0
MAT-1031,4,266.0
MAT-1031,5,223.0
MAT-1031,6,397.0
MAT-1031,7,107.0
MAT-1031,8,352.0
MAT-1031,9,260.0
MAT-1031,10,263.0
MAT-1031,11,418.0
MAT-1031,12,241.0
MAT-1031,13,244.0
MAT-1031,14,284.0
MAT-1031,15,324.0
MAT-1031,16,261.0
MAT-1031,17,178.0
MAT-1031,18,230.0
MAT-1031,19,388.0
MAT-1031,20,299.0
MAT-1031,21,327.0
MAT-1031,22,274.0
MAT-1031,23,245.0
MAT-1031,24,417.0
MAT-1031,25,280.0
MAT-1031,26,261.0
MAT-1031,27,374.0
MAT-1031,28,241.0
MAT-1031,29,250.0
MAT-1031,30,294.0
MAT-1031,31,294.0
MAT-1031,32,313.0
MAT-1031,33,447.0
MAT-1031,34,318.0
MAT-1031,35,119.0
MAT-1031,36,318.0
MAT-1031,37,296.0
MAT-1031,38,297.0
MAT-1031,39,312.0
MAT-1031,40,291.0
MAT-1031,41,290.0
MAT-1031,42,339.0
MAT-1031,43,254.0
MAT-1031,44,224.0
MAT-1031,45,516.0
MAT-1031,46,241.0
MAT-1031,47,301.0
MAT-1031,48,184.0
MAT-1031,49,302.0
MAT-1031,50,225.0
MAT-1031,51,261.0
MAT-1031,52,370.0
MAT-1031,53,328.0
MAT-1031,54,335.0
MAT-1031,55,164.0
MAT-1031,56,428.0
MAT-1031,57,206.0
MAT-1031,58,406.0
MAT-1031,59,369.0
MAT-1031,60,336.0
MAT-1031,61,231.0
MAT-1031,62,305.0
MAT-1031,63,259.0
MAT-1031,64,296.0
MAT-1031,65,275.0
MAT-1031,66,144.0
MAT-1031,67,376.0
MAT-1031,68,288.0
MAT-1031,69,258.0
MAT-1031,70,252.0
MAT-1031,71,320.0
MAT-1031,72,228.0
MAT-1031,73,128.0
MAT-1031,74,323.0
MAT-1031,75,332.0
MAT-1031,76,279.0
MAT-1031,77,209.0
MAT-1031,78,300.0
MAT-1031,79,186.0
MAT-1031,80,218.0
MAT-1031,81,238.0
MAT-1031,82,356.0
MAT-1031,83,3790.0
MAT-1031,84,261.0
MAT-1031,85,437.0
MAT-1031,86,319.0
MAT-1031,87,318.0
MAT-1031,88,266.0
MAT-1031,89,250.0
MAT-1031,90,133.0
MAT-1031,91,365.0
MAT-1031,92,326.0
MAT-1031,93,280.0
MAT-1031,94,284.0
MAT-1031,95,348.0
MAT-1031,96,179.0
MAT-1031,97,250.0
MAT-1031,98,210.0
MAT-1031,99,424.0
MAT-1031,100,358.0
MAT-1031,101,132.0
MAT-1031,102,182.0
MAT-1031,103,284.0
MAT-1031,104,259.0
MAT-1032,1,0.0
MAT-1032,2,0.0
MAT-1032,3,0.0
MAT-1032,4,1308.0
MAT-1032,5,689.0
MAT-1032,6,946.0
MAT-1032,7,0.0
MAT-1032,8,1166.0
MAT-1032,9,0.0
MAT-1032,10,830.0
MAT-1032,11,386.0
MAT-1032,12,0.0
MAT-1032,13,0.0
MAT-1032,14,0.0
MAT-1032,15,0.0
MAT-1032,16,0.0
MAT-1032,17,0.0
MAT-1032,18,0.0
MAT-1032,19,976.0
MAT-1032,20,0.0
MAT-1032,21,0.0
MAT-1032,22,1197.0
MAT-1032,23,0.0
MAT-1032,24,0.0
MAT-1032,25,0.0
MAT-1032,26,916.0
MAT-1032,27,0.0
MAT-1032,28,0.0
MAT-1032,29,1011.0
MAT-1032,30,0.0
MAT-1032,31,1130.0
MAT-1032,32,1242.0
MAT-1032,33,0.0
MAT-1032,34,0.0
MAT-1032,35,0.0
MAT-1032,36,1091.0
MAT-1032,37,0.0
MAT-1032,38,94.0
MAT-1032,39,0.0
MAT-1032,40,960.0
MAT-1032,41,668.0
MAT-1032,42,0.0
MAT-1032,43,711.0
MAT-1032,44,0.0
MAT-1032,45,1028.0
MAT-1032,46,0.0
MAT-1032,47,0.0
MAT-1032,48,0.0
MAT-1032,49,1060.0
MAT-1032,50,0.0
MAT-1032,51,0.0
MAT-1032,52,1116.0
MAT-1032,53,694.0
MAT-1032,54,0.0
MAT-1032,55,849.0
MAT-1032,56,0.0
MAT-1032,57,0.0
MAT-1032,58,0.0
MAT-1032,59,0.0
MAT-1032,60,0.0
MAT-1032,61,1055.0
MAT-1032,62,0.0
MAT-1032,63,1421.0
MAT-1032,64,0.0
MAT-1032,65,0.0
MAT-1032,66,1238.0
MAT-1032,67,0.0
MAT-1032,68,644.0
MAT-1032,69,0.0
MAT-1032,70,772.0
MAT-1032,71,0.0
MAT-1032,72,0.0
MAT-1032,73,0.0
MAT-1032,74,0.0
MAT-1032,75,0.0
MAT-1032,76,0.0
MAT-1032,77,0.0
MAT-1032,78,0.0
MAT-1032,79,0.0
MAT-1032,80,0.0
MAT-1032,81,778.0
MAT-1032,82,0.0
MAT-1032,83,0.0
MAT-1032,84,992.0
MAT-1032,85,829.0
MAT-1032,86,0.0
MAT-1032,87,0.0
MAT-1032,88,808.0
MAT-1032,89,1020.0
MAT-1032,90,0.0
MAT-1032,91,0.0
MAT-1032,92,0.0
MAT-1032,93,0.0
MAT-1032,94,0.0
MAT-1032,95,0.0
MAT-1032,96,883.0
MAT-1032,97,0.0
MAT-1032,98,595.0
MAT-1032,99,1316.0
MAT-1032,100,0.0
MAT-1032,101,0.0
MAT-1032,102,948.0
MAT-1032,103,0.0
MAT-1032,104,0.0
MAT-1033,1,196.0
MAT-1033,2,178.0
MAT-1033,3,272.0
MAT-1033,4,177.0
MAT-1033,5,54.0
MAT-1033,6,187.0
MAT-1033,7,223.0
MAT-1033,8,214.0
MAT-1033,9,349.0
MAT-1033,10,214.0
MAT-1033,11,308.0
MAT-1033,12,251.0
MAT-1033,13,250.0
MAT-1033,14,200.0
MAT-1033,15,249.0
MAT-1033,16,204.0
MAT-1033,17,263.0
MAT-1033,18,238.0
MAT-1033,19,193.0
MAT-1033,20,315.0
MAT-1033,21,280.0
MAT-1033,22,224.0
MAT-1033,23,262.0
MAT-1033,24,247.0
MAT-1033,25,198.0
MAT-1033,26,257.0
MAT-1033,27,213.0
MAT-1033,28,193.0
MAT-1033,29,150.0
MAT-1033,30,230.0
MAT-1033,31,288.0
MAT-1033,32,209.0
MAT-1033,33,412.0
MAT-1033,34,309.0
MAT-1033,35,335.0
MAT-1033,36,303.0
MAT-1033,37,370.0
MAT-1033,38,203.0
MAT-1033,39,91.0
MAT-1033,40,224.0
MAT-1033,41,288.0
MAT-1033,42,262.0
MAT-1033,43,270.0
MAT-1033,44,336.0
MAT-1033,45,277.0
MAT-1033,46,303.0
MAT-1033,47,193.0
MAT-1033,48,183.0
MAT-1033,49,355.0
MAT-1033,50,259.0
MAT-1033,51,213.0
MAT-1033,52,213.0
MAT-1033,53,212.0
MAT-1033,54,208.0
MAT-1033,55,172.0
MAT-1033,56,158.0
MAT-1033,57,240.0
MAT-1033,58,215.0
MAT-1033,59,323.0
MAT-1033,60,271.0
MAT-1033,61,269.0
MAT-1033,62,206.0
MAT-1033,63,245.0
MAT-1033,64,275.0
MAT-1033,65,298.0
MAT-1033,66,247.0
MAT-1033,67,321.0
MAT-1033,68,253.0
MAT-1033,69,303.0
MAT-1033,70,222.0
MAT-1033,71,138.0
MAT-1033,72,270.0
MAT-1033,73,298.0
MAT-1033,74,289.0
MAT-1033,75,279.0
MAT-1033,76,231.0
MAT-1033,77,202.0
MAT-1033,78,287.0
MAT-1033,79,280.0
MAT-1033,80,217.0
MAT-1033,81,323.0
MAT-1033,82,197.0
MAT-1033,83,216.0
MAT-1033,84,356.0
MAT-1033,85,307.0
MAT-1033,86,230.0
MAT-1033,87,271.0
MAT-1033,88,262.0
MAT-1033,89,79.0
MAT-1033,90,195.0
MAT-1033,91,249.0
MAT-1033,92,230.0
MAT-1033,93,268.0
MAT-1033,94,324.0
MAT-1033,95,232.0
MAT-1033,96,186.0
MAT-1033,97,273.0
MAT-1033,98,232.0
MAT-1033,99,243.0
MAT-1033,100,234.0
MAT-1033,101,394.0
MAT-1033,102,111.0
MAT-1033,103,228.0
MAT-1033,104,252.0
MAT-1034,1,186.0
MAT-1034,2,311.0
MAT-1034,3,152.0
MAT-1034,4,341.0
MAT-1034,5,253.0
MAT-1034,6,76.0
MAT-1034,7,217.0
MAT-1034,8,277.0
MAT-1034,9,221.0
MAT-1034,10,278.0
MAT-1034,11,180.0
MAT-1034,12,150.0
MAT-1034,13,225.0
MAT-1034,14,230.0
MAT-1034,15,205.0
MAT-1034,16,301.0
MAT-1034,17,171.0
MAT-1034,18,241.0
MAT-1034,19,225.0
MAT-1034,20,123.0
MAT-1034,21,136.0
MAT-1034,22,217.0
MAT-1034,23,337.0
MAT-1034,24,249.0
MAT-1034,25,105.0
MAT-1034,26,18.0
MAT-1034,27,254.0
MAT-1034,28,201.0
MAT-1034,29,276.0
MAT-1034,30,150.0
MAT-1034,31,224.0
MAT-1034,32,253.0
MAT-1034,33,172.0
MAT-1034,34,172.0
MAT-1034,35,198.0
MAT-1034,36,229.0
MAT-1034,37,193.0
MAT-1034,38,252.0
MAT-1034,39,162.0
MAT-1034,40,107.0
MAT-1034,41,310.0
MAT-1034,42,149.0
MAT-1034,43,150.0
MAT-1034,44,179.0
MAT-1034,45,186.0
MAT-1034,46,156.0
MAT-1034,47,178.0
MAT-1034,48,175.0
MAT-1034,49,187.0
MAT-1034,50,29.0
MAT-1034,51,289.0
MAT-1034,52,162.0
MAT-1034,53,206.0
MAT-1034,54,83.0
MAT-1034,55,138.0
MAT-1034,56,124.0
MAT-1034,57,255.0
MAT-1034,58,126.0
MAT-1034,59,208.0
MAT-1034,60,119.0
MAT-1034,61,130.0
MAT-1034,62,141.0
MAT-1034,63,234.0
MAT-1034,64,37.0
MAT-1034,65,71.0
MAT-1034,66,30.0
MAT-1034,67,82.0
MAT-1034,68,98.0
MAT-1034,69,47.0
MAT-1034,70,99.0
MAT-1034,71,19.0
MAT-1034,72,79.0
MAT-1034,73,214.0
MAT-1034,74,164.0
MAT-1034,75,149.0
MAT-1034,76,74.0
MAT-1034,77,40.0
MAT-1034,78,63.0
MAT-1034,79,129.0
MAT-1034,80,184.0
MAT-1034,81,184.0
MAT-1034,82,166.0
MAT-1034,83,80.0
MAT-1034,84,126.0
MAT-1034,85,103.0
MAT-1034,86,109.0
MAT-1034,87,245.0
MAT-1034,88,9.0
MAT-1034,89,102.0
MAT-1034,90,190.0
MAT-1034,91,23.0
MAT-1034,92,72.0
MAT-1034,93,78.0
MAT-1034,94,95.0
MAT-1034,95,9.0
MAT-1034,96,143.0
MAT-1034,97,146.0
MAT-1034,98,135.0
MAT-1034,99,48.0
MAT-1034,100,106.0
MAT-1034,101,43.0
MAT-1034,102,77.0
MAT-1034,103,229.0
MAT-1034,104,100.0
MAT-1035,1,89.0
MAT-1035,2,104.0
MAT-1035,3,118.0
MAT-1035,4,96.0
MAT-1035,5,79.0
MAT-1035,6,41.0
MAT-1035,7,89.0
MAT-1035,8,88.0
MAT-1035,9,91.0
MAT-1035,10,134.0
MAT-1035,11,114.0
MAT-1035,12,103.0
MAT-1035,13,62.0
MAT-1035,14,72.0
MAT-1035,15,81.0
MAT-1035,16,65.0
MAT-1035,17,93.0
MAT-1035,18,90.0
MAT-1035,19,56.0
MAT-1035,20,108.0
MAT-1035,21,82.0
MAT-1035,22,40.0
MAT-1035,23,78.0
MAT-1035,24,85.0
MAT-1035,25,100.0
MAT-1035,26,70.0
MAT-1035,27,95.0
MAT-1035,28,80.0
MAT-1035,29,46.0
MAT-1035,30,43.0
MAT-1035,31,100.0
MAT-1035,32,101.0
MAT-1035,33,81.0
MAT-1035,34,107.0
MAT-1035,35,96.0
MAT-1035,36,87.0
MAT-1035,37,51.0
MAT-1035,38,110.0
MAT-1035,39,82.0
MAT-1035,40,61.0
MAT-1035,41,54.0
MAT-1035,42,74.0
MAT-1035,43,30.0
MAT-1035,44,83.0
MAT-1035,45,45.0
MAT-1035,46,75.0
MAT-1035,47,54.0
MAT-1035,48,59.0
MAT-1035,49,47.0
MAT-1035,50,60.0
MAT-1035,51,106.0
MAT-1035,52,94.0
MAT-1035,53,71.0
MAT-1035,54,61.0
MAT-1035,55,81.0
MAT-1035,56,87.0
MAT-1035,57,41.0
MAT-1035,58,58.0
MAT-1035,59,18.0
MAT-1035,60,84.0
MAT-1035,61,105.0
MAT-1035,62,59.0
MAT-1035,63,9.0
MAT-1035,64,70.0
MAT-1035,65,35.0
MAT-1035,66,40.0
MAT-1035,67,69.0
MAT-1035,68,60.0
MAT-1035,69,43.0
MAT-1035,70,38.0
MAT-1035,71,56.0
MAT-1035,72,43.0
MAT-1035,73,26.0
MAT-1035,74,43.0
MAT-1035,75,58.0
MAT-1035,76,46.0
MAT-1035,77,17.0
MAT-1035,78,71.0
MAT-1035,79,0.0
MAT-1035,80,38.0
MAT-1035,81,33.0
MAT-1035,82,50.0
MAT-1035,83,59.0
MAT-1035,84,71.0
MAT-1035,85,29.0
MAT-1035,86,58.0
MAT-1035,87,48.0
MAT-1035,88,5.0
MAT-1035,89,86.0
MAT-1035,90,10.0
MAT-1035,91,51.0
MAT-1035,92,50.0
MAT-1035,93,47.0
MAT-1035,94,29.0
MAT-1035,95,58.0
MAT-1035,96,4.0
MAT-1035,97,37.0
MAT-1035,98,25.0
MAT-1035,99,22.0
MAT-1035,100,47.0
MAT-1035,101,61.0
MAT-1035,102,28.0
MAT-1035,103,53.0
MAT-1035,104,36.0
MAT-1036,1,349.0
MAT-1036,2,345.0
MAT-1036,3,434.0
MAT-1036,4,190.0
MAT-1036,5,464.0
MAT-1036,6,434.0
MAT-1036,7,473.0
MAT-1036,8,355.0
MAT-1036,9,451.0
MAT-1036,10,228.0
MAT-1036,11,424.0
MAT-1036,12,291.0
MAT-1036,13,211.0
MAT-1036,14,259.0
MAT-1036,15,360.0
MAT-1036,16,286.0
MAT-1036,17,394.0
MAT-1036,18,197.0
MAT-1036,19,169.0
MAT-1036,20,483.0
MAT-1036,21,441.0
MAT-1036,22,266.0
MAT-1036,23,360.0
MAT-1036,24,452.0
MAT-1036,25,398.0
MAT-1036,26,373.0
MAT-1036,27,458.0
MAT-1036,28,294.0
MAT-1036,29,363.0
MAT-1036,30,358.0
MAT-1036,31,335.0
MAT-1036,32,325.0
MAT-1036,33,366.0
MAT-1036,34,363.0
MAT-1036,35,266.0
MAT-1036,36,432.0
MAT-1036,37,272.0
MAT-1036,38,340.0
MAT-1036,39,333.0
MAT-1036,40,392.0
MAT-1036,41,169.0
MAT-1036,42,440.0
MAT-1036,43,299.0
MAT-1036,44,470.0
MAT-1036,45,317.0
MAT-1036,46,356.0
MAT-1036,47,532.0
MAT-1036,48,335.0
MAT-1036,49,471.0
MAT-1036,50,363.0
MAT-1036,51,397.0
MAT-1036,52,366.0
MAT-1036,53,436.0
MAT-1036,54,298.0
MAT-1036,55,271.0
MAT-1036,56,302.0
MAT-1036,57,369.0
MAT-1036,58,340.0
MAT-1036,59,424.0
MAT-1036,60,477.0
MAT-1036,61,272.0
MAT-1036,62,294.0
MAT-1036,63,231.0
MAT-1036,64,543.0
MAT-1036,65,387.0
MAT-1036,66,403.0
MAT-1036,67,239.0
MAT-1036,68,360.0
MAT-1036,69,406.0
MAT-1036,70,337.0
MAT-1036,71,457.0
MAT-1036,72,568.0
MAT-1036,73,275.0
MAT-1036,74,268.0
MAT-1036,75,281.0
MAT-1036,76,504.0
MAT-1036,77,454.0
MAT-1036,78,348.0
MAT-1036,79,363.0
MAT-1036,80,286.0
MAT-1036,81,440.0
MAT-1036,82,326.0
MAT-1036,83,337.0
MAT-1036,84,415.0
MAT-1036,85,343.0
MAT-1036,86,339.0
MAT-1036,87,361.0
MAT-1036,88,431.0
MAT-1036,89,508.0
MAT-1036,90,413.0
MAT-1036,91,432.0
MAT-1036,92,342.0
MAT-1036,93,296.0
MAT-1036,94,419.0
MAT-1036,95,375.0
MAT-1036,96,232.0
MAT-1036,97,330.0
MAT-1036,98,352.0
MAT-1036,99,314.0
MAT-1036,100,493.0
MAT-1036,101,403.0
MAT-1036,102,483.0
MAT-1036,103,384.0
MAT-1036,104,367.0
MAT-1037,1,250.0
MAT-1037,2,138.0
MAT-1037,3,289.0
MAT-1037,4,181.0
MAT-1037,5,409.0
MAT-1037,6,301.0
MAT-1037,7,219.0
MAT-1037,8,232.0
MAT-1037,9,142.0
MAT-1037,10,199.0
MAT-1037,11,354.0
MAT-1037,12,442.0
MAT-1037,13,329.0
MAT-1037,14,267.0
MAT-1037,15,240.0
MAT-1037,16,199.0
MAT-1037,17,421.0
MAT-1037,18,252.0
MAT-1037,19,421.0
MAT-1037,20,366.0
MAT-1037,21,132.0
MAT-1037,22,210.0
MAT-1037,23,208.0
MAT-1037,24,250.0
MAT-1037,25,249.0
MAT-1037,26,474.0
MAT-1037,27,170.0
MAT-1037,28,266.0
MAT-1037,29,292.0
MAT-1037,30,245.0
MAT-1037,31,251.0
MAT-1037,32,164.0
MAT-1037,33,248.0
MAT-1037,34,276.0
MAT-1037,35,260.0
MAT-1037,36,277.0
MAT-1037,37,337.0
MAT-1037,38,300.0
MAT-1037,39,234.0
MAT-1037,40,140.0
MAT-1037,41,181.0
MAT-1037,42,207.0
MAT-1037,43,241.0
MAT-1037,44,185.0
MAT-1037,45,149.0
MAT-1037,46,128.0
MAT-1037,47,92.0
MAT-1037,48,196.0
MAT-1037,49,102.0
MAT-1037,50,135.0
MAT-1037,51,178.0
MAT-1037,52,107.0
MAT-1037,53,232.0
MAT-1037,54,257.0
MAT-1037,55,160.0
MAT-1037,56,166.0
MAT-1037,57,237.0
MAT-1037,58,142.0
MAT-1037,59,135.0
MAT-1037,60,280.0
MAT-1037,61,255.0
MAT-1037,62,233.0
MAT-1037,63,255.0
MAT-1037,64,38.0
MAT-1037,65,283.0
MAT-1037,66,210.0
MAT-1037,67,254.0
MAT-1037,68,206.0
MAT-1037,69,179.0
MAT-1037,70,153.0
MAT-1037,71,199.0
MAT-1037,72,147.0
MAT-1037,73,233.0
MAT-1037,74,49.0
MAT-1037,75,125.0
MAT-1037,76,315.0
MAT-1037,77,115.0
MAT-1037,78,142.0
MAT-1037,79,92.0
MAT-1037,80,181.0
MAT-1037,81,100.0
MAT-1037,82,139.0
MAT-1037,83,214.0
MAT-1037,84,97.0
MAT-1037,85,206.0
MAT-1037,86,206.0
MAT-1037,87,222.0
MAT-1037,88,152.0
MAT-1037,89,380.0
MAT-1037,90,216.0
MAT-1037,91,161.0
MAT-1037,92,70.0
MAT-1037,93,126.0
MAT-1037,94,237.0
MAT-1037,95,256.0
MAT-1037,96,237.0
MAT-1037,97,184.0
MAT-1037,98,31.0
MAT-1037,99,158.0
MAT-1037,100,28.0
MAT-1037,101,8.0
MAT-1037,102,135.0
MAT-1037,103,154.0
MAT-1037,104,180.0
MAT-1038,1,361.0
MAT-1038,2,252.0
MAT-1038,3,267.0
MAT-1038,4,406.0
MAT-1038,5,476.0
MAT-1038,6,370.0
MAT-1038,7,256.0
MAT-1038,8,358.0
MAT-1038,9,530.0
MAT-1038,10,338.0
MAT-1038,11,451.0
MAT-1038,12,269.0
MAT-1038,13,327.0
MAT-1038,14,381.0
MAT-1038,15,363.0
MAT-1038,16,267.0
MAT-1038,17,263.0
MAT-1038,18,412.0
MAT-1038,19,428.0
MAT-1038,20,455.0
MAT-1038,21,479.0
MAT-1038,22,341.0
MAT-1038,23,304.0
MAT-1038,24,441.0
MAT-1038,25,389.0
MAT-1038,26,249.0
MAT-1038,27,245.0
MAT-1038,28,371.0
MAT-1038,29,315.0
MAT-1038,30,328.0
MAT-1038,31,418.0
MAT-1038,32,393.0
MAT-1038,33,440.0
MAT-1038,34,171.0
MAT-1038,35,351.0
MAT-1038,36,387.0
MAT-1038,37,204.0
MAT-1038,38,276.0
MAT-1038,39,261.0
MAT-1038,40,332.0
MAT-1038,41,464.0
MAT-1038,42,497.0
MAT-1038,43,263.0
MAT-1038,44,373.0
MAT-1038,45,376.0
MAT-1038,46,362.0
MAT-1038,47,363.0
MAT-1038,48,355.0
MAT-1038,49,469.0
MAT-1038,50,421.0
MAT-1038,51,243.0
MAT-1038,52,396.0
MAT-1038,53,404.0
MAT-1038,54,356.0
MAT-1038,55,423.0
MAT-1038,56,345.0
MAT-1038,57,347.0
MAT-1038,58,340.0
MAT-1038,59,163.0
MAT-1038,60,323.0
MAT-1038,61,275.0
MAT-1038,62,232.0
MAT-1038,63,448.0
MAT-1038,64,372.0
MAT-1038,65,328.0
MAT-1038,66,283.0
MAT-1038,67,354.0
MAT-1038,68,412.0
MAT-1038,69,262.0
MAT-1038,70,330.0
MAT-1038,71,402.0
MAT-1038,72,170.0
MAT-1038,73,325.0
MAT-1038,74,295.0
MAT-1038,75,319.0
MAT-1038,76,289.0
MAT-1038,77,341.0
MAT-1038,78,489.0
MAT-1038,79,303.0
MAT-1038,80,354.0
MAT-1038,81,495.0
MAT-1038,82,285.0
MAT-1038,83,480.0
MAT-1038,84,330.0
MAT-1038,85,477.0
MAT-1038,86,392.0
MAT-1038,87,355.0
MAT-1038,88,325.0
MAT-1038,89,278.0
MAT-1038,90,336.0
MAT-1038,91,404.0
MAT-1038,92,329.0
MAT-1038,93,304.0
MAT-1038,94,309.0
MAT-1038,95,412.0
MAT-1038,96,431.0
MAT-1038,97,275.0
MAT-1038,98,275.0
MAT-1038,99,361.0
MAT-1038,100,456.0
MAT-1038,101,425.0
MAT-1038,102,227.0
MAT-1038,103,308.0
MAT-1038,104,253.0
MAT-1039,1,17.0
MAT-1039,2,18.0
MAT-1039,3,20.0
MAT-1039,4,13.0
MAT-1039,5,19.0
MAT-1039,6,21.0
MAT-1039,7,9.0
MAT-1039,8,18.0
MAT-1039,9,19.0
MAT-1039,10,14.0
MAT-1039,11,11.0
MAT-1039,12,19.0
MAT-1039,13,11.0
MAT-1039,14,15.0
MAT-1039,15,15.0
MAT-1039,16,18.0
MAT-1039,17,13.0
MAT-1039,18,13.0
MAT-1039,19,16.0
MAT-1039,20,19.0
MAT-1039,21,24.0
MAT-1039,22,10.0
MAT-1039,23,17.0
MAT-1039,24,11.0
MAT-1039,25,19.0
MAT-1039,26,12.0
MAT-1039,27,13.0
MAT-1039,28,13.0
MAT-1039,29,15.0
MAT-1039,30,17.0
MAT-1039,31,17.0
MAT-1039,32,15.0
MAT-1039,33,10.0
MAT-1039,34,18.0
MAT-1039,35,15.0
MAT-1039,36,20.0
MAT-1039,37,13.0
MAT-1039,38,9.0
MAT-1039,39,15.0
MAT-1039,40,20.0
MAT-1039,41,16.0
MAT-1039,42,15.0
MAT-1039,43,12.0
MAT-1039,44,22.0
MAT-1039,45,11.0
MAT-1039,46,13.0
MAT-1039,47,18.0
MAT-1039,48,8.0
MAT-1039,49,20.0
MAT-1039,50,18.0
MAT-1039,51,19.0
MAT-1039,52,18.0
MAT-1039,53,15.0
MAT-1039,54,11.0
MAT-1039,55,15.0
MAT-1039,56,12.0
MAT-1039,57,17.0
MAT-1039,58,19.0
MAT-1039,59,21.0
MAT-1039,60,17.0
MAT-1039,61,19.0
MAT-1039,62,14.0
MAT-1039,63,14.0
MAT-1039,64,17.0
MAT-1039,65,14.0
MAT-1039,66,16.0
MAT-1039,67,11.0
MAT-1039,68,12.0
MAT-1039,69,18.0
MAT-1039,70,19.0
MAT-1039,71,12.0
MAT-1039,72,18.0
MAT-1039,73,13.0
MAT-1039,74,15.0
MAT-1039,75,21.0
MAT-1039,76,19.0
MAT-1039,77,18.0
MAT-1039,78,23.0
MAT-1039,79,13.0
MAT-1039,80,12.0
MAT-1039,81,13.0
MAT-1039,82,14.0
MAT-1039,83,6.0
MAT-1039,84,15.0
MAT-1039,85,13.0
MAT-1039,86,18.0
MAT-1039,87,17.0
MAT-1039,88,13.0
MAT-1039,89,18.0
MAT-1039,90,18.0
MAT-1039,91,12.0
MAT-1039,92,14.0
MAT-1039,93,7.0
MAT-1039,94,11.0
MAT-1039,95,13.0
MAT-1039,96,16.0
MAT-1039,97,12.0
MAT-1039,98,13.0
MAT-1039,99,11.0
MAT-1039,100,16.0
MAT-1039,101,17.0
MAT-1039,102,17.0
MAT-1039,103,15.0
MAT-1039,104,9.0
MAT-1040,1,246.0
MAT-1040,2,162.0
MAT-1040,3,236.0
MAT-1040,4,341.0
MAT-1040,5,355.0
MAT-1040,6,327.0
MAT-1040,7,302.0
MAT-1040,8,240.0
MAT-1040,9,340.0
MAT-1040,10,300.0
MAT-1040,11,343.0
MAT-1040,12,284.0
MAT-1040,13,310.0
MAT-1040,14,329.0
MAT-1040,15,333.0
MAT-1040,16,344.0
MAT-1040,17,283.0
MAT-1040,18,236.0
MAT-1040,19,388.0
MAT-1040,20,427.0
MAT-1040,21,308.0
MAT-1040,22,204.0
MAT-1040,23,222.0
MAT-1040,24,279.0
MAT-1040,25,311.0
MAT-1040,26,162.0
MAT-1040,27,207.0
MAT-1040,28,211.0
MAT-1040,29,234.0
MAT-1040,30,157.0
MAT-1040,31,80.0
MAT-1040,32,186.0
MAT-1040,33,203.0
MAT-1040,34,129.0
MAT-1040,35,147.0
MAT-1040,36,94.0
MAT-1040,37,69.0
MAT-1040,38,165.0
MAT-1040,39,128.0
MAT-1040,40,133.0
MAT-1040,41,188.0
MAT-1040,42,54.0
MAT-1040,43,84.0
MAT-1040,44,127.0
MAT-1040,45,96.0
MAT-1040,46,175.0
MAT-1040,47,133.0
MAT-1040,48,100.0
MAT-1040,49,167.0
MAT-1040,50,185.0
MAT-1040,51,238.0
MAT-1040,52,222.0
MAT-1040,53,238.0
MAT-1040,54,244.0
MAT-1040,55,229.0
MAT-1040,56,213.0
MAT-1040,57,279.0
MAT-1040,58,257.0
MAT-1040,59,375.0
MAT-1040,60,365.0
MAT-1040,61,335.0
MAT-1040,62,328.0
MAT-1040,63,309.0
MAT-1040,64,250.0
MAT-1040,65,308.0
MAT-1040,66,326.0
MAT-1040,67,332.0
MAT-1040,68,342.0
MAT-1040,69,363.0
MAT-1040,70,271.0
MAT-1040,71,265.0
MAT-1040,72,371.0
MAT-1040,73,326.0
MAT-1040,74,253.0
MAT-1040,75,258.0
MAT-1040,76,246.0
MAT-1040,77,241.0
MAT-1040,78,252.0
MAT-1040,79,349.0
MAT-1040,80,211.0
MAT-1040,81,223.0
MAT-1040,82,86.0
MAT-1040,83,138.0
MAT-1040,84,219.0
MAT-1040,85,164.0
MAT-1040,86,0.0
MAT-1040,87,162.0
MAT-1040,88,221.0
MAT-1040,89,7.0
MAT-1040,90,191.0
MAT-1040,91,0.0
MAT-1040,92,157.0
MAT-1040,93,107.0
MAT-1040,94,0.0
MAT-1040,95,138.0
MAT-1040,96,181.0
MAT-1040,97,145.0
MAT-1040,98,165.0
MAT-1040,99,121.0
MAT-1040,100,54.0
MAT-1040,101,201.0
MAT-1040,102,269.0
MAT-1040,103,248.0
MAT-1040,104,95.0
MAT-1041,1,0.0
MAT-1041,2,978.0
MAT-1041,3,0.0
MAT-1041,4,0.0
MAT-1041,5,1271.0
MAT-1041,6,0.0
MAT-1041,7,0.0
MAT-1041,8,0.0
MAT-1041,9,0.0
MAT-1041,10,732.0
MAT-1041,11,868.0
MAT-1041,12,0.0
MAT-1041,13,0.0
MAT-1041,14,0.0
MAT-1041,15,0.0
MAT-1041,16,0.0
MAT-1041,17,1217.0
MAT-1041,18,0.0
MAT-1041,19,754.0
MAT-1041,20,0.0
MAT-1041,21,592.0
MAT-1041,22,0.0
MAT-1041,23,0.0
MAT-1041,24,0.0
MAT-1041,25,656.0
MAT-1041,26,1006.0
MAT-1041,27,0.0
MAT-1041,28,0.0
MAT-1041,29,1091.0
MAT-1041,30,0.0
MAT-1041,31,0.0
MAT-1041,32,0.0
MAT-1041,33,601.0
MAT-1041,34,0.0
MAT-1041,35,719.0
MAT-1041,36,586.0
MAT-1041,37,0.0
MAT-1041,38,0.0
MAT-1041,39,0.0
MAT-1041,40,0.0
MAT-1041,41,1112.0
MAT-1041,42,763.0
MAT-1041,43,0.0
MAT-1041,44,0.0
MAT-1041,45,0.0
MAT-1041,46,985.0
MAT-1041,47,772.0
MAT-1041,48,493.0
MAT-1041,49,0.0
MAT-1041,50,0.0
MAT-1041,51,0.0
MAT-1041,52,0.0
MAT-1041,53,1169.0
MAT-1041,54,0.0
MAT-1041,55,769.0
MAT-1041,56,0.0
MAT-1041,57,0.0
MAT-1041,58,0.0
MAT-1041,59,944.0
MAT-1041,60,0.0
MAT-1041,61,0.0
MAT-1041,62,301.0
MAT-1041,63,1158.0
MAT-1041,64,0.0
MAT-1041,65,874.0
MAT-1041,66,464.0
MAT-1041,67,713.0
MAT-1041,68,802.0
MAT-1041,69,0.0
MAT-1041,70,0.0
MAT-1041,71,1309.0
MAT-1041,72,0.0
MAT-1041,73,1168.0
MAT-1041,74,1311.0
MAT-1041,75,1053.0
MAT-1041,76,0.0
MAT-1041,77,0.0
MAT-1041,78,0.0
MAT-1041,79,1076.0
MAT-1041,80,456.0
MAT-1041,81,636.0
MAT-1041,82,0.0
MAT-1041,83,1114.0
MAT-1041,84,0.0
MAT-1041,85,0.0
MAT-1041,86,0.0
MAT-1041,87,0.0
MAT-1041,88,1240.0
MAT-1041,89,0.0
MAT-1041,90,1027.0
MAT-1041,91,0.0
MAT-1041,92,0.0
MAT-1041,93,800.0
MAT-1041,94,0.0
MAT-1041,95,1020.0
MAT-1041,96,1480.0
MAT-1041,97,0.0
MAT-1041,98,0.0
MAT-1041,99,0.0
MAT-1041,100,0.0
MAT-1041,101,0.0
MAT-1041,102,1212.0
MAT-1041,103,737.0
MAT-1041,104,0.0
MAT-1042,1,271.0
MAT-1042,2,304.0
MAT-1042,3,329.0
MAT-1042,4,456.0
MAT-1042,5,304.0
MAT-1042,6,329.0
MAT-1042,7,258.0
MAT-1042,8,385.0
MAT-1042,9,438.0
MAT-1042,10,460.0
MAT-1042,11,350.0
MAT-1042,12,381.0
MAT-1042,13,326.0
MAT-1042,14,381.0
MAT-1042,15,366.0
MAT-1042,16,348.0
MAT-1042,17,356.0
MAT-1042,18,383.0
MAT-1042,19,326.0
MAT-1042,20,332.0
MAT-1042,21,487.0
MAT-1042,22,568.0
MAT-1042,23,262.0
MAT-1042,24,259.0
MAT-1042,25,285.0
MAT-1042,26,354.0
MAT-1042,27,435.0
MAT-1042,28,413.0
MAT-1042,29,381.0
MAT-1042,30,411.0
MAT-1042,31,317.0
MAT-1042,32,354.0
MAT-1042,33,374.0
MAT-1042,34,253.0
MAT-1042,35,288.0
MAT-1042,36,293.0
MAT-1042,37,443.0
MAT-1042,38,404.0
MAT-1042,39,435.0
MAT-1042,40,244.0
MAT-1042,41,274.0
MAT-1042,42,445.0
MAT-1042,43,176.0
MAT-1042,44,493.0
MAT-1042,45,255.0
MAT-1042,46,466.0
MAT-1042,47,332.0
MAT-1042,48,486.0
MAT-1042,49,658.0
MAT-1042,50,229.0
MAT-1042,51,464.0
MAT-1042,52,269.0
MAT-1042,53,447.0
MAT-1042,54,399.0
MAT-1042,55,427.0
MAT-1042,56,347.0
MAT-1042,57,482.0
MAT-1042,58,309.0
MAT-1042,59,522.0
MAT-1042,60,394.0
MAT-1042,61,318.0
MAT-1042,62,556.0
MAT-1042,63,427.0
MAT-1042,64,584.0
MAT-1042,65,532.0
MAT-1042,66,375.0
MAT-1042,67,433.0
MAT-1042,68,451.0
MAT-1042,69,564.0
MAT-1042,70,480.0
MAT-1042,71,461.0
MAT-1042,72,433.0
MAT-1042,73,447.0
MAT-1042,74,556.0
MAT-1042,75,455.0
MAT-1042,76,426.0
MAT-1042,77,414.0
MAT-1042,78,417.0
MAT-1042,79,352.0
MAT-1042,80,405.0
MAT-1042,81,584.0
MAT-1042,82,452.0
MAT-1042,83,525.0
MAT-1042,84,277.0
MAT-1042,85,519.0
MAT-1042,86,463.0
MAT-1042,87,440.0
MAT-1042,88,494.0
MAT-1042,89,442.0
MAT-1042,90,316.0
MAT-1042,91,558.0
MAT-1042,92,506.0
MAT-1042,93,464.0
MAT-1042,94,415.0
MAT-1042,95,377.0
MAT-1042,96,512.0
MAT-1042,97,624.0
MAT-1042,98,514.0
MAT-1042,99,391.0
MAT-1042,100,520.0
MAT-1042,101,500.0
MAT-1042,102,574.0
MAT-1042,103,556.0
MAT-1042,104,275.0
MAT-1043,1,256.0
MAT-1043,2,307.0
MAT-1043,3,177.0
MAT-1043,4,299.0
MAT-1043,5,272.0
MAT-1043,6,223.0
MAT-1043,7,323.0
MAT-1043,8,120.0
MAT-1043,9,289.0
MAT-1043,10,374.0
MAT-1043,11,362.0
MAT-1043,12,292.0
MAT-1043,13,246.0
MAT-1043,14,224.0
MAT-1043,15,246.0
MAT-1043,16,302.0
MAT-1043,17,212.0
MAT-1043,18,317.0
MAT-1043,19,408.0
MAT-1043,20,262.0
MAT-1043,21,177.0
MAT-1043,22,177.0
MAT-1043,23,318.0
MAT-1043,24,262.0
MAT-1043,25,325.0
MAT-1043,26,231.0
MAT-1043,27,321.0
MAT-1043,28,256.0
MAT-1043,29,217.0
MAT-1043,30,239.0
MAT-1043,31,187.0
MAT-1043,32,399.0
MAT-1043,33,260.0
MAT-1043,34,309.0
MAT-1043,35,230.0
MAT-1043,36,196.0
MAT-1043,37,251.0
MAT-1043,38,339.0
MAT-1043,39,232.0
MAT-1043,40,208.0
MAT-1043,41,277.0
MAT-1043,42,299.0
MAT-1043,43,375.0
MAT-1043,44,290.0
MAT-1043,45,309.0
MAT-1043,46,314.0
MAT-1043,47,189.0
MAT-1043,48,202.0
MAT-1043,49,194.0
MAT-1043,50,178.0
MAT-1043,51,319.0
MAT-1043,52,285.0
MAT-1043,53,271.0
MAT-1043,54,94.0
MAT-1043,55,403.0
MAT-1043,56,207.0
MAT-1043,57,403.0
MAT-1043,58,170.0
MAT-1043,59,212.0
MAT-1043,60,120.0
MAT-1043,61,290.0
MAT-1043,62,193.0
MAT-1043,63,195.0
MAT-1043,64,175.0
MAT-1043,65,318.0
MAT-1043,66,314.0
MAT-1043,67,387.0
MAT-1043,68,221.0
MAT-1043,69,281.0
MAT-1043,70,180.0
MAT-1043,71,244.0
MAT-1043,72,232.0
MAT-1043,73,297.0
MAT-1043,74,334.0
MAT-1043,75,332.0
MAT-1043,76,210.0
MAT-1043,77,333.0
MAT-1043,78,263.0
MAT-1043,79,245.0
MAT-1043,80,219.0
MAT-1043,81,229.0
MAT-1043,82,382.0
MAT-1043,83,287.0
MAT-1043,84,278.0
MAT-1043,85,249.0
MAT-1043,86,429.0
MAT-1043,87,353.0
MAT-1043,88,218.0
MAT-1043,89,248.0
MAT-1043,90,252.0
MAT-1043,91,276.0
MAT-1043,92,220.0
MAT-1043,93,295.0
MAT-1043,94,363.0
MAT-1043,95,179.0
MAT-1043,96,191.0
MAT-1043,97,234.0
MAT-1043,98,237.0
MAT-1043,99,399.0
MAT-1043,100,333.0
MAT-1043,101,329.0
MAT-1043,102,249.0
MAT-1043,103,247.0
MAT-1043,104,170.0
MAT-1044,1,0.0
MAT-1044,2,1039.0
MAT-1044,3,0.0
MAT-1044,4,0.0
MAT-1044,5,802.0
MAT-1044,6,0.0
MAT-1044,7,524.0
MAT-1044,8,0.0
MAT-1044,9,0.0
MAT-1044,10,397.0
MAT-1044,11,0.0
MAT-1044,12,0.0
MAT-1044,13,0.0
MAT-1044,14,0.0
MAT-1044,15,0.0
MAT-1044,16,0.0
MAT-1044,17,507.0
MAT-1044,18,0.0
MAT-1044,19,0.0
MAT-1044,20,740.0
MAT-1044,21,0.0
MAT-1044,22,630.0
MAT-1044,23,0.0
MAT-1044,24,0.0
MAT-1044,25,0.0
MAT-1044,26,763.0
MAT-1044,27,0.0
MAT-1044,28,0.0
MAT-1044,29,0.0
MAT-1044,30,0.0
MAT-1044,31,0.0
MAT-1044,32,0.0
MAT-1044,33,0.0
MAT-1044,34,769.0
MAT-1044,35,1202.0
MAT-1044,36,0.0
MAT-1044,37,0.0
MAT-1044,38,0.0
MAT-1044,39,0.0
MAT-1044,40,0.0
MAT-1044,41,441.0
MAT-1044,42,0.0
MAT-1044,43,0.0
MAT-1044,44,0.0
MAT-1044,45,0.0
MAT-1044,46,0.0
MAT-1044,47,0.0
MAT-1044,48,0.0
MAT-1044,49,0.0
MAT-1044,50,0.0
MAT-1044,51,671.0
MAT-1044,52,0.0
MAT-1044,53,526.0
MAT-1044,54,0.0
MAT-1044,55,0.0
MAT-1044,56,0.0
MAT-1044,57,414.0
MAT-1044,58,0.0
MAT-1044,59,0.0
MAT-1044,60,267.0
MAT-1044,61,0.0
MAT-1044,62,0.0
MAT-1044,63,0.0
MAT-1044,64,770.0
MAT-1044,65,0.0
MAT-1044,66,0.0
MAT-1044,67,0.0
MAT-1044,68,1027.0
MAT-1044,69,0.0
MAT-1044,70,0.0
MAT-1044,71,532.0
MAT-1044,72,449.0
MAT-1044,73,858.0
MAT-1044,74,0.0
MAT-1044,75,593.0
MAT-1044,76,0.0
MAT-1044,77,0.0
MAT-1044,78,0.0
MAT-1044,79,0.0
MAT-1044,80,0.0
MAT-1044,81,553.0
MAT-1044,82,0.0
MAT-1044,83,699.0
MAT-1044,84,958.0
MAT-1044,85,0.0
MAT-1044,86,594.0
MAT-1044,87,262.0
MAT-1044,88,0.0
MAT-1044,89,251.0
MAT-1044,90,729.0
MAT-1044,91,0.0
MAT-1044,92,0.0
MAT-1044,93,0.0
MAT-1044,94,595.0
MAT-1044,95,0.0
MAT-1044,96,0.0
MAT-1044,97,474.0
MAT-1044,98,435.0
MAT-1044,99,904.0
MAT-1044,100,0.0
MAT-1044,101,597.0
MAT-1044,102,0.0
MAT-1044,103,0.0
MAT-1044,104,730.0
MAT-1045,1,201.0
MAT-1045,2,251.0
MAT-1045,3,137.0
MAT-1045,4,287.0
MAT-1045,5,266.0
MAT-1045,6,245.0
MAT-1045,7,226.0
MAT-1045,8,197.0
MAT-1045,9,296.0
MAT-1045,10,183.0
MAT-1045,11,286.0
MAT-1045,12,382.0
MAT-1045,13,348.0
MAT-1045,14,169.0
MAT-1045,15,229.0
MAT-1045,16,288.0
MAT-1045,17,260.0
MAT-1045,18,181.0
MAT-1045,19,290.0
MAT-1045,20,268.0
MAT-1045,21,385.0
MAT-1045,22,256.0
MAT-1045,23,343.0
MAT-1045,24,198.0
MAT-1045,25,214.0
MAT-1045,26,321.0
MAT-1045,27,344.0
MAT-1045,28,222.0
MAT-1045,29,283.0
MAT-1045,30,200.0
MAT-1045,31,273.0
MAT-1045,32,336.0
MAT-1045,33,261.0
MAT-1045,34,274.0
MAT-1045,35,222.0
MAT-1045,36,253.0
MAT-1045,37,399.0
MAT-1045,38,299.0
MAT-1045,39,236.0
MAT-1045,40,278.0
MAT-1045,41,203.0
MAT-1045,42,239.0
MAT-1045,43,384.0
MAT-1045,44,295.0
MAT-1045,45,419.0
MAT-1045,46,300.0
MAT-1045,47,305.0
MAT-1045,48,348.0
MAT-1045,49,149.0
MAT-1045,50,324.0
MAT-1045,51,310.0
MAT-1045,52,404.0
MAT-1045,53,374.0
MAT-1045,54,249.0
MAT-1045,55,394.0
MAT-1045,56,305.0
MAT-1045,57,268.0
MAT-1045,58,335.0
MAT-1045,59,313.0
MAT-1045,60,419.0
MAT-1045,61,348.0
MAT-1045,62,342.0
MAT-1045,63,385.0
MAT-1045,64,398.0
MAT-1045,65,381.0
MAT-1045,66,421.0
MAT-1045,67,373.0
MAT-1045,68,348.0
MAT-1045,69,414.0
MAT-1045,70,335.0
MAT-1045,71,344.0
MAT-1045,72,447.0
MAT-1045,73,443.0
MAT-1045,74,346.0
MAT-1045,75,321.0
MAT-1045,76,438.0
MAT-1045,77,399.0
MAT-1045,78,371.0
MAT-1045,79,334.0
MAT-1045,80,375.0
MAT-1045,81,355.0
MAT-1045,82,318.0
MAT-1045,83,367.0
MAT-1045,84,377.0
MAT-1045,85,340.0
MAT-1045,86,418.0
MAT-1045,87,443.0
MAT-1045,88,425.0
MAT-1045,89,352.0
MAT-1045,90,415.0
MAT-1045,91,376.0
MAT-1045,92,298.0
MAT-1045,93,415.0
MAT-1045,94,384.0
MAT-1045,95,533.0
MAT-1045,96,466.0
MAT-1045,97,423.0
MAT-1045,98,396.0
MAT-1045,99,393.0
MAT-1045,100,324.0
MAT-1045,101,281.0
MAT-1045,102,335.0
MAT-1045,103,386.0
MAT-1045,104,263.0
MAT-1046,1,67.0
MAT-1046,2,82.0
MAT-1046,3,76.0
MAT-1046,4,106.0
MAT-1046,5,90.0
MAT-1046,6,94.0
MAT-1046,7,117.0
MAT-1046,8,83.0
MAT-1046,9,73.0
MAT-1046,10,87.0
MAT-1046,11,62.0
MAT-1046,12,74.0
MAT-1046,13,61.0
MAT-1046,14,79.0
MAT-1046,15,62.0
MAT-1046,16,62.0
MAT-1046,17,81.0
MAT-1046,18,72.0
MAT-1046,19,42.0
MAT-1046,20,50.0
MAT-1046,21,56.0
MAT-1046,22,61.0
MAT-1046,23,83.0
MAT-1046,24,80.0
MAT-1046,25,95.0
MAT-1046,26,90.0
MAT-1046,27,96.0
MAT-1046,28,88.0
MAT-1046,29,82.0
MAT-1046,30,97.0
MAT-1046,31,95.0
MAT-1046,32,86.0
MAT-1046,33,102.0
MAT-1046,34,41.0
MAT-1046,35,76.0
MAT-1046,36,76.0
MAT-1046,37,101.0
MAT-1046,38,109.0
MAT-1046,39,58.0
MAT-1046,40,107.0
MAT-1046,41,64.0
MAT-1046,42,65.0
MAT-1046,43,80.0
MAT-1046,44,79.0
MAT-1046,45,59.0
MAT-1046,46,96.0
MAT-1046,47,97.0
MAT-1046,48,104.0
MAT-1046,49,79.0
MAT-1046,50,86.0
MAT-1046,51,87.0
MAT-1046,52,116.0
MAT-1046,53,41.0
MAT-1046,54,73.0
MAT-1046,55,89.0
MAT-1046,56,71.0
MAT-1046,57,86.0
MAT-1046,58,88.0
MAT-1046,59,80.0
MAT-1046,60,92.0
MAT-1046,61,102.0
MAT-1046,62,88.0
MAT-1046,63,85.0
MAT-1046,64,90.0
MAT-1046,65,93.0
MAT-1046,66,64.0
MAT-1046,67,102.0
MAT-1046,68,87.0
MAT-1046,69,116.0
MAT-1046,70,105.0
MAT-1046,71,115.0
MAT-1046,72,79.0
MAT-1046,73,90.0
MAT-1046,74,76.0
MAT-1046,75,85.0
MAT-1046,76,119.0
MAT-1046,77,123.0
MAT-1046,78,79.0
MAT-1046,79,91.0
MAT-1046,80,98.0
MAT-1046,81,109.0
MAT-1046,82,70.0
MAT-1046,83,73.0
MAT-1046,84,109.0
MAT-1046,85,68.0
MAT-1046,86,94.0
MAT-1046,87,105.0
MAT-1046,88,109.0
MAT-1046,89,100.0
MAT-1046,90,97.0
MAT-1046,91,118.0
MAT-1046,92,109.0
MAT-1046,93,94.0
MAT-1046,94,105.0
MAT-1046,95,112.0
MAT-1046,96,135.0
MAT-1046,97,119.0
MAT-1046,98,127.0
MAT-1046,99,97.0
MAT-1046,100,98.0
MAT-1046,101,104.0
MAT-1046,102,106.0
MAT-1046,103,91.0
MAT-1046,104,130.0
MAT-1047,1,261.0
MAT-1047,2,337.0
MAT-1047,3,281.0
MAT-1047,4,271.0
MAT-1047,5,201.0
MAT-1047,6,309.0
MAT-1047,7,287.0
MAT-1047,8,274.0
MAT-1047,9,313.0
MAT-1047,10,354.0
MAT-1047,11,349.0
MAT-1047,12,335.0
MAT-1047,13,271.0
MAT-1047,14,244.0
MAT-1047,15,205.0
MAT-1047,16,238.0
MAT-1047,17,284.0
MAT-1047,18,219.0
MAT-1047,19,286.0
MAT-1047,20,201.0
MAT-1047,21,145.0
MAT-1047,22,337.0
MAT-1047,23,234.0
MAT-1047,24,204.0
MAT-1047,25,182.0
MAT-1047,26,299.0
MAT-1047,27,371.0
MAT-1047,28,230.0
MAT-1047,29,243.0
MAT-1047,30,342.0
MAT-1047,31,115.0
MAT-1047,32,408.0
MAT-1047,33,443.0
MAT-1047,34,39.0
MAT-1047,35,241.0
MAT-1047,36,191.0
MAT-1047,37,224.0
MAT-1047,38,210.0
MAT-1047,39,305.0
MAT-1047,40,231.0
MAT-1047,41,166.0
MAT-1047,42,222.0
MAT-1047,43,274.0
MAT-1047,44,139.0
MAT-1047,45,101.0
MAT-1047,46,384.0
MAT-1047,47,176.0
MAT-1047,48,214.0
MAT-1047,49,191.0
MAT-1047,50,263.0
MAT-1047,51,357.0
MAT-1047,52,262.0
MAT-1047,53,96.0
MAT-1047,54,105.0
MAT-1047,55,180.0
MAT-1047,56,188.0
MAT-1047,57,73.0
MAT-1047,58,270.0
MAT-1047,59,119.0
MAT-1047,60,319.0
MAT-1047,61,342.0
MAT-1047,62,179.0
MAT-1047,63,231.0
MAT-1047,64,98.0
MAT-1047,65,241.0
MAT-1047,66,152.0
MAT-1047,67,104.0
MAT-1047,68,164.0
MAT-1047,69,149.0
MAT-1047,70,158.0
MAT-1047,71,255.0
MAT-1047,72,118.0
MAT-1047,73,313.0
MAT-1047,74,72.0
MAT-1047,75,300.0
MAT-1047,76,92.0
MAT-1047,77,170.0
MAT-1047,78,130.0
MAT-1047,79,139.0
MAT-1047,80,227.0
MAT-1047,81,280.0
MAT-1047,82,254.0
MAT-1047,83,127.0
MAT-1047,84,171.0
MAT-1047,85,94.0
MAT-1047,86,76.0
MAT-1047,87,62.0
MAT-1047,88,115.0
MAT-1047,89,167.0
MAT-1047,90,0.0
MAT-1047,91,140.0
MAT-1047,92,260.0
MAT-1047,93,228.0
MAT-1047,94,92.0
MAT-1047,95,27.0
MAT-1047,96,170.0
MAT-1047,97,0.0
MAT-1047,98,217.0
MAT-1047,99,112.0
MAT-1047,100,270.0
MAT-1047,101,0.0
MAT-1047,102,195.0
MAT-1047,103,113.0
MAT-1047,104,94.0
MAT-1048,1,218.0
MAT-1048,2,332.0
MAT-1048,3,243.0
MAT-1048,4,240.0
MAT-1048,5,401.0
MAT-1048,6,300.0
MAT-1048,7,419.0
MAT-1048,8,242.0
MAT-1048,9,364.0
MAT-1048,10,463.0
MAT-1048,11,348.0
MAT-1048,12,335.0
MAT-1048,13,284.0
MAT-1048,14,418.0
MAT-1048,15,308.0
MAT-1048,16,345.0
MAT-1048,17,273.0
MAT-1048,18,432.0
MAT-1048,19,401.0
MAT-1048,20,322.0
MAT-1048,21,246.0
MAT-1048,22,394.0
MAT-1048,23,269.0
MAT-1048,24,213.0
MAT-1048,25,160.0
MAT-1048,26,212.0
MAT-1048,27,150.0
MAT-1048,28,185.0
MAT-1048,29,252.0
MAT-1048,30,172.0
MAT-1048,31,202.0
MAT-1048,32,126.0
MAT-1048,33,162.0
MAT-1048,34,261.0
MAT-1048,35,118.0
MAT-1048,36,154.0
MAT-1048,37,33.0
MAT-1048,38,211.0
MAT-1048,39,91.0
MAT-1048,40,180.0
MAT-1048,41,112.0
MAT-1048,42,157.0
MAT-1048,43,165.0
MAT-1048,44,105.0
MAT-1048,45,203.0
MAT-1048,46,103.0
MAT-1048,47,204.0
MAT-1048,48,146.0
MAT-1048,49,202.0
MAT-1048,50,167.0
MAT-1048,51,211.0
MAT-1048,52,158.0
MAT-1048,53,251.0
MAT-1048,54,253.0
MAT-1048,55,232.0
MAT-1048,56,275.0
MAT-1048,57,299.0
MAT-1048,58,267.0
MAT-1048,59,307.0
MAT-1048,60,265.0
MAT-1048,61,471.0
MAT-1048,62,403.0
MAT-1048,63,362.0
MAT-1048,64,420.0
MAT-1048,65,236.0
MAT-1048,66,203.0
MAT-1048,67,330.0
MAT-1048,68,269.0
MAT-1048,69,332.0
MAT-1048,70,353.0
MAT-1048,71,387.0
MAT-1048,72,257.0
MAT-1048,73,338.0
MAT-1048,74,304.0
MAT-1048,75,311.0
MAT-1048,76,247.0
MAT-1048,77,346.0
MAT-1048,78,244.0
MAT-1048,79,341.0
MAT-1048,80,175.0
MAT-1048,81,252.0
MAT-1048,82,191.0
MAT-1048,83,162.0
MAT-1048,84,206.0
MAT-1048,85,140.0
MAT-1048,86,0.0
MAT-1048,87,0.0
MAT-1048,88,207.0
MAT-1048,89,198.0
MAT-1048,90,233.0
MAT-1048,91,118.0
MAT-1048,92,42.0
MAT-1048,93,94.0
MAT-1048,94,122.0
MAT-1048,95,66.0
MAT-1048,96,229.0
MAT-1048,97,271.0
MAT-1048,98,176.0
MAT-1048,99,157.0
MAT-1048,100,93.0
MAT-1048,101,272.0
MAT-1048,102,199.0
MAT-1048,103,191.0
MAT-1048,104,250.0
MAT-1049,1,469.0
MAT-1049,2,373.0
MAT-1049,3,304.0
MAT-1049,4,395.0
MAT-1049,5,275.0
MAT-1049,6,293.0
MAT-1049,7,255.0
MAT-1049,8,294.0
MAT-1049,9,527.0
MAT-1049,10,331.0
MAT-1049,11,447.0
MAT-1049,12,325.0
MAT-1049,13,479.0
MAT-1049,14,312.0
MAT-1049,15,415.0
MAT-1049,16,419.0
MAT-1049,17,637.0
MAT-1049,18,478.0
MAT-1049,19,364.0
MAT-1049,20,488.0
MAT-1049,21,628.0
MAT-1049,22,273.0
MAT-1049,23,350.0
MAT-1049,24,410.0
MAT-1049,25,395.0
MAT-1049,26,405.0
MAT-1049,27,315.0
MAT-1049,28,575.0
MAT-1049,29,308.0
MAT-1049,30,427.0
MAT-1049,31,547.0
MAT-1049,32,448.0
MAT-1049,33,360.0
MAT-1049,34,327.0
MAT-1049,35,435.0
MAT-1049,36,388.0
MAT-1049,37,481.0
MAT-1049,38,331.0
MAT-1049,39,544.0
MAT-1049,40,480.0
MAT-1049,41,489.0
MAT-1049,42,610.0
MAT-1049,43,434.0
MAT-1049,44,409.0
MAT-1049,45,428.0
MAT-1049,46,464.0
MAT-1049,47,476.0
MAT-1049,48,408.0
MAT-1049,49,297.0
MAT-1049,50,438.0
MAT-1049,51,528.0
MAT-1049,52,509.0
MAT-1049,53,612.0
MAT-1049,54,686.0
MAT-1049,55,575.0
MAT-1049,56,636.0
MAT-1049,57,580.0
MAT-1049,58,672.0
MAT-1049,59,688.0
MAT-1049,60,604.0
MAT-1049,61,584.0
MAT-1049,62,499.0
MAT-1049,63,517.0
MAT-1049,64,491.0
MAT-1049,65,585.0
MAT-1049,66,459.0
MAT-1049,67,512.0
MAT-1049,68,309.0
MAT-1049,69,698.0
MAT-1049,70,516.0
MAT-1049,71,582.0
MAT-1049,72,680.0
MAT-1049,73,572.0
MAT-1049,74,683.0
MAT-1049,75,430.0
MAT-1049,76,778.0
MAT-1049,77,656.0
MAT-1049,78,575.0
MAT-1049,79,693.0
MAT-1049,80,449.0
MAT-1049,81,535.0
MAT-1049,82,701.0
MAT-1049,83,389.0
MAT-1049,84,622.0
MAT-1049,85,622.0
MAT-1049,86,760.0
MAT-1049,87,425.0
MAT-1049,88,731.0
MAT-1049,89,527.0
MAT-1049,90,540.0
MAT-1049,91,469.0
MAT-1049,92,484.0
MAT-1049,93,628.0
MAT-1049,94,486.0
MAT-1049,95,664.0
MAT-1049,96,533.0
MAT-1049,97,483.0
MAT-1049,98,551.0
MAT-1049,99,635.0
MAT-1049,100,579.0
MAT-1049,101,611.0
MAT-1049,102,676.0
MAT-1049,103,715.0
MAT-1049,104,585.0
MAT-1050,1,0.0
MAT-1050,2,0.0
MAT-1050,3,0.0
MAT-1050,4,0.0
MAT-1050,5,380.0
MAT-1050,6,390.0
MAT-1050,7,0.0
MAT-1050,8,0.0
MAT-1050,9,0.0
MAT-1050,10,0.0
MAT-1050,11,0.0
MAT-1050,12,0.0
MAT-1050,13,566.0
MAT-1050,14,0.0
MAT-1050,15,0.0
MAT-1050,16,411.0
MAT-1050,17,377.0
MAT-1050,18,679.0
MAT-1050,19,526.0
MAT-1050,20,0.0
MAT-1050,21,506.0
MAT-1050,22,0.0
MAT-1050,23,532.0
MAT-1050,24,620.0
MAT-1050,25,462.0
MAT-1050,26,708.0
MAT-1050,27,0.0
MAT-1050,28,473.0
MAT-1050,29,479.0
MAT-1050,30,462.0
MAT-1050,31,0.0
MAT-1050,32,0.0
MAT-1050,33,0.0
MAT-1050,34,0.0
MAT-1050,35,0.0
MAT-1050,36,0.0
MAT-1050,37,0.0
MAT-1050,38,0.0
MAT-1050,39,467.0
MAT-1050,40,0.0
MAT-1050,41,0.0
MAT-1050,42,0.0
MAT-1050,43,0.0
MAT-1050,44,0.0
MAT-1050,45,370.0
MAT-1050,46,0.0
MAT-1050,47,0.0
MAT-1050,48,0.0
MAT-1050,49,0.0
MAT-1050,50,0.0
MAT-1050,51,0.0
MAT-1050,52,0.0
MAT-1050,53,492.0
MAT-1050,54,0.0
MAT-1050,55,0.0
MAT-1050,56,0.0
MAT-1050,57,531.0
MAT-1050,58,0.0
MAT-1050,59,0.0
MAT-1050,60,0.0
MAT-1050,61,358.0
MAT-1050,62,0.0
MAT-1050,63,284.0
MAT-1050,64,592.0
MAT-1050,65,0.0
MAT-1050,66,0.0
MAT-1050,67,0.0
MAT-1050,68,0.0
MAT-1050,69,0.0
MAT-1050,70,293.0
MAT-1050,71,565.0
MAT-1050,72,0.0
MAT-1050,73,0.0
MAT-1050,74,0.0
MAT-1050,75,0.0
MAT-1050,76,0.0
MAT-1050,77,0.0
MAT-1050,78,0.0
MAT-1050,79,555.0
MAT-1050,80,340.0
MAT-1050,81,448.0
MAT-1050,82,0.0
MAT-1050,83,0.0
MAT-1050,84,0.0
MAT-1050,85,381.0
MAT-1050,86,0.0
MAT-1050,87,224.0
MAT-1050,88,0.0
MAT-1050,89,387.0
MAT-1050,90,0.0
MAT-1050,91,313.0
MAT-1050,92,0.0
MAT-1050,93,0.0
MAT-1050,94,0.0
MAT-1050,95,415.0
MAT-1050,96,0.0
MAT-1050,97,0.0
MAT-1050,98,0.0
MAT-1050,99,0.0
MAT-1050,100,0.0
MAT-1050,101,0.0
MAT-1050,102,0.0
MAT-1050,103,0.0
MAT-1050,104,277.0
MAT-1051,1,0.0
MAT-1051,2,131.0
MAT-1051,3,0.0
MAT-1051,4,176.0
MAT-1051,5,0.0
MAT-1051,6,0.0
MAT-1051,7,0.0
MAT-1051,8,0.0
MAT-1051,9,169.0
MAT-1051,10,282.0
MAT-1051,11,0.0
MAT-1051,12,0.0
MAT-1051,13,0.0
MAT-1051,14,0.0
MAT-1051,15,0.0
MAT-1051,16,243.0
MAT-1051,17,246.0
MAT-1051,18,0.0
MAT-1051,19,0.0
MAT-1051,20,0.0
MAT-1051,21,0.0
MAT-1051,22,0.0
MAT-1051,23,0.0
MAT-1051,24,75.0
MAT-1051,25,0.0
MAT-1051,26,0.0
MAT-1051,27,0.0
MAT-1051,28,147.0
MAT-1051,29,0.0
MAT-1051,30,0.0
MAT-1051,31,273.0
MAT-1051,32,189.0
MAT-1051,33,246.0
MAT-1051,34,0.0
MAT-1051,35,0.0
MAT-1051,36,194.0
MAT-1051,37,0.0
MAT-1051,38,0.0
MAT-1051,39,0.0
MAT-1051,40,0.0
MAT-1051,41,0.0
MAT-1051,42,0.0
MAT-1051,43,238.0
MAT-1051,44,0.0
MAT-1051,45,0.0
MAT-1051,46,0.0
MAT-1051,47,0.0
MAT-1051,48,0.0
MAT-1051,49,0.0
MAT-1051,50,139.0
MAT-1051,51,0.0
MAT-1051,52,182.0
MAT-1051,53,74.0
MAT-1051,54,161.0
MAT-1051,55,15.0
MAT-1051,56,0.0
MAT-1051,57,0.0
MAT-1051,58,0.0
MAT-1051,59,169.0
MAT-1051,60,0.0
MAT-1051,61,0.0
MAT-1051,62,112.0
MAT-1051,63,0.0
MAT-1051,64,0.0
MAT-1051,65,180.0
MAT-1051,66,0.0
MAT-1051,67,0.0
MAT-1051,68,190.0
MAT-1051,69,0.0
MAT-1051,70,0.0
MAT-1051,71,0.0
MAT-1051,72,0.0
MAT-1051,73,0.0
MAT-1051,74,0.0
MAT-1051,75,0.0
MAT-1051,76,0.0
MAT-1051,77,0.0
MAT-1051,78,290.0
MAT-1051,79,0.0
MAT-1051,80,0.0
MAT-1051,81,0.0
MAT-1051,82,0.0
MAT-1051,83,0.0
MAT-1051,84,0.0
MAT-1051,85,150.0
MAT-1051,86,278.0
MAT-1051,87,0.0
MAT-1051,88,0.0
MAT-1051,89,235.0
MAT-1051,90,126.0
MAT-1051,91,193.0
MAT-1051,92,0.0
MAT-1051,93,0.0
MAT-1051,94,0.0
MAT-1051,95,276.0
MAT-1051,96,201.0
MAT-1051,97,44.0
MAT-1051,98,0.0
MAT-1051,99,251.0
MAT-1051,100,97.0
MAT-1051,101,0.0
MAT-1051,102,0.0
MAT-1051,103,0.0
MAT-1051,104,162.0
MAT-1052,1,91.0
MAT-1052,2,107.0
MAT-1052,3,87.0
MAT-1052,4,93.0
MAT-1052,5,74.0
MAT-1052,6,101.0
MAT-1052,7,83.0
MAT-1052,8,75.0
MAT-1052,9,93.0
MAT-1052,10,149.0
MAT-1052,11,115.0
MAT-1052,12,126.0
MAT-1052,13,112.0
MAT-1052,14,86.0
MAT-1052,15,142.0
MAT-1052,16,77.0
MAT-1052,17,109.0
MAT-1052,18,117.0
MAT-1052,19,120.0
MAT-1052,20,98.0
MAT-1052,21,71.0
MAT-1052,22,89.0
MAT-1052,23,86.0
MAT-1052,24,81.0
MAT-1052,25,112.0
MAT-1052,26,62.0
MAT-1052,27,88.0
MAT-1052,28,80.0
MAT-1052,29,92.0
MAT-1052,30,65.0
MAT-1052,31,79.0
MAT-1052,32,55.0
MAT-1052,33,64.0
MAT-1052,34,20.0
MAT-1052,35,0.0
MAT-1052,36,53.0
MAT-1052,37,52.0
MAT-1052,38,52.0
MAT-1052,39,31.0
MAT-1052,40,71.0
MAT-1052,41,32.0
MAT-1052,42,51.0
MAT-1052,43,56.0
MAT-1052,44,81.0
MAT-1052,45,42.0
MAT-1052,46,38.0
MAT-1052,47,24.0
MAT-1052,48,90.0
MAT-1052,49,72.0
MAT-1052,50,77.0
MAT-1052,51,136.0
MAT-1052,52,84.0
MAT-1052,53,55.0
MAT-1052,54,83.0
MAT-1052,55,72.0
MAT-1052,56,88.0
MAT-1052,57,93.0
MAT-1052,58,93.0
MAT-1052,59,81.0
MAT-1052,60,145.0
MAT-1052,61,122.0
MAT-1052,62,114.0
MAT-1052,63,136.0
MAT-1052,64,131.0
MAT-1052,65,128.0
MAT-1052,66,137.0
MAT-1052,67,125.0
MAT-1052,68,135.0
MAT-1052,69,136.0
MAT-1052,70,122.0
MAT-1052,71,111.0
MAT-1052,72,144.0
MAT-1052,73,99.0
MAT-1052,74,113.0
MAT-1052,75,109.0
MAT-1052,76,84.0
MAT-1052,77,75.0
MAT-1052,78,80.0
MAT-1052,79,72.0
MAT-1052,80,47.0
MAT-1052,81,59.0
MAT-1052,82,73.0
MAT-1052,83,89.0
MAT-1052,84,70.0
MAT-1052,85,2.0
MAT-1052,86,64.0
MAT-1052,87,37.0
MAT-1052,88,55.0
MAT-1052,89,43.0
MAT-1052,90,38.0
MAT-1052,91,39.0
MAT-1052,92,41.0
MAT-1052,93,69.0
MAT-1052,94,42.0
MAT-1052,95,66.0
MAT-1052,96,65.0
MAT-1052,97,62.0
MAT-1052,98,15.0
MAT-1052,99,78.0
MAT-1052,100,49.0
MAT-1052,101,78.0
MAT-1052,102,47.0
MAT-1052,103,48.0
MAT-1052,104,117.0
MAT-1053,1,375.0
MAT-1053,2,297.0
MAT-1053,3,306.0
MAT-1053,4,347.0
MAT-1053,5,258.0
MAT-1053,6,326.0
MAT-1053,7,351.0
MAT-1053,8,196.0
MAT-1053,9,316.0
MAT-1053,10,309.0
MAT-1053,11,416.0
MAT-1053,12,191.0
MAT-1053,13,308.0
MAT-1053,14,302.0
MAT-1053,15,418.0
MAT-1053,16,341.0
MAT-1053,17,488.0
MAT-1053,18,400.0
MAT-1053,19,317.0
MAT-1053,20,371.0
MAT-1053,21,326.0
MAT-1053,22,423.0
MAT-1053,23,252.0
MAT-1053,24,294.0
MAT-1053,25,397.0
MAT-1053,26,460.0
MAT-1053,27,191.0
MAT-1053,28,475.0
MAT-1053,29,358.0
MAT-1053,30,222.0
MAT-1053,31,136.0
MAT-1053,32,254.0
MAT-1053,33,375.0
MAT-1053,34,373.0
MAT-1053,35,430.0
MAT-1053,36,339.0
MAT-1053,37,296.0
MAT-1053,38,353.0
MAT-1053,39,390.0
MAT-1053,40,408.0
MAT-1053,41,329.0
MAT-1053,42,465.0
MAT-1053,43,346.0
MAT-1053,44,329.0
MAT-1053,45,356.0
MAT-1053,46,486.0
MAT-1053,47,392.0
MAT-1053,48,350.0
MAT-1053,49,480.0
MAT-1053,50,578.0
MAT-1053,51,427.0
MAT-1053,52,510.0
MAT-1053,53,496.0
MAT-1053,54,368.0
MAT-1053,55,420.0
MAT-1053,56,319.0
MAT-1053,57,406.0
MAT-1053,58,374.0
MAT-1053,59,394.0
MAT-1053,60,368.0
MAT-1053,61,407.0
MAT-1053,62,473.0
MAT-1053,63,424.0
MAT-1053,64,288.0
MAT-1053,65,378.0
MAT-1053,66,319.0
MAT-1053,67,460.0
MAT-1053,68,482.0
MAT-1053,69,465.0
MAT-1053,70,384.0
MAT-1053,71,468.0
MAT-1053,72,413.0
MAT-1053,73,362.0
MAT-1053,74,513.0
MAT-1053,75,520.0
MAT-1053,76,533.0
MAT-1053,77,412.0
MAT-1053,78,555.0
MAT-1053,79,424.0
MAT-1053,80,517.0
MAT-1053,81,427.0
MAT-1053,82,451.0
MAT-1053,83,280.0
MAT-1053,84,449.0
MAT-1053,85,482.0
MAT-1053,86,444.0
MAT-1053,87,617.0
MAT-1053,88,389.0
MAT-1053,89,438.0
MAT-1053,90,413.0
MAT-1053,91,442.0
MAT-1053,92,569.0
MAT-1053,93,607.0
MAT-1053,94,437.0
MAT-1053,95,437.0
MAT-1053,96,404.0
MAT-1053,97,601.0
MAT-1053,98,588.0
MAT-1053,99,493.0
MAT-1053,100,393.0
MAT-1053,101,402.0
MAT-1053,102,520.0
MAT-1053,103,552.0
MAT-1053,104,348.0
MAT-1054,1,138.0
MAT-1054,2,279.0
MAT-1054,3,302.0
MAT-1054,4,260.0
MAT-1054,5,317.0
MAT-1054,6,295.0
MAT-1054,7,242.0
MAT-1054,8,144.0
MAT-1054,9,289.0
MAT-1054,10,213.0
MAT-1054,11,239.0
MAT-1054,12,313.0
MAT-1054,13,379.0
MAT-1054,14,277.0
MAT-1054,15,319.0
MAT-1054,16,179.0
MAT-1054,17,297.0
MAT-1054,18,276.0
MAT-1054,19,366.0
MAT-1054,20,242.0
MAT-1054,21,263.0
MAT-1054,22,354.0
MAT-1054,23,273.0
MAT-1054,24,202.0
MAT-1054,25,458.0
MAT-1054,26,204.0
MAT-1054,27,275.0
MAT-1054,28,304.0
MAT-1054,29,299.0
MAT-1054,30,267.0
MAT-1054,31,267.0
MAT-1054,32,263.0
MAT-1054,33,202.0
MAT-1054,34,430.0
MAT-1054,35,264.0
MAT-1054,36,322.0
MAT-1054,37,256.0
MAT-1054,38,255.0
MAT-1054,39,248.0
MAT-1054,40,171.0
MAT-1054,41,269.0
MAT-1054,42,251.0
MAT-1054,43,362.0
MAT-1054,44,196.0
MAT-1054,45,239.0
MAT-1054,46,217.0
MAT-1054,47,381.0
MAT-1054,48,219.0
MAT-1054,49,319.0
MAT-1054,50,348.0
MAT-1054,51,270.0
MAT-1054,52,184.0
MAT-1054,53,184.0
MAT-1054,54,340.0
MAT-1054,55,192.0
MAT-1054,56,307.0
MAT-1054,57,288.0
MAT-1054,58,306.0
MAT-1054,59,313.0
MAT-1054,60,215.0
MAT-1054,61,212.0
MAT-1054,62,330.0
MAT-1054,63,236.0
MAT-1054,64,87.0
MAT-1054,65,325.0
MAT-1054,66,207.0
MAT-1054,67,313.0
MAT-1054,68,377.0
MAT-1054,69,281.0
MAT-1054,70,349.0
MAT-1054,71,291.0
MAT-1054,72,391.0
MAT-1054,73,206.0
MAT-1054,74,279.0
MAT-1054,75,327.0
MAT-1054,76,267.0
MAT-1054,77,360.0
MAT-1054,78,250.0
MAT-1054,79,425.0
MAT-1054,80,428.0
MAT-1054,81,300.0
MAT-1054,82,318.0
MAT-1054,83,363.0
MAT-1054,84,197.0
MAT-1054,85,188.0
MAT-1054,86,368.0
MAT-1054,87,299.0
MAT-1054,88,3622.0
MAT-1054,89,281.0
MAT-1054,90,113.0
MAT-1054,91,267.0
MAT-1054,92,227.0
MAT-1054,93,344.0
MAT-1054,94,349.0
MAT-1054,95,320.0
MAT-1054,96,308.0
MAT-1054,97,175.0
MAT-1054,98,321.0
MAT-1054,99,324.0
MAT-1054,100,367.0
MAT-1054,101,428.0
MAT-1054,102,161.0
MAT-1054,103,253.0
MAT-1054,104,228.0
MAT-1055,1,1230.0
MAT-1055,2,0.0
MAT-1055,3,2216.0
MAT-1055,4,0.0
MAT-1055,5,946.0
MAT-1055,6,0.0
MAT-1055,7,0.0
MAT-1055,8,658.0
MAT-1055,9,0.0
MAT-1055,10,1272.0
MAT-1055,11,1306.0
MAT-1055,12,1659.0
MAT-1055,13,1651.0
MAT-1055,14,0.0
MAT-1055,15,1251.0
MAT-1055,16,0.0
MAT-1055,17,1214.0
MAT-1055,18,0.0
MAT-1055,19,0.0
MAT-1055,20,0.0
MAT-1055,21,1334.0
MAT-1055,22,511.0
MAT-1055,23,0.0
MAT-1055,24,0.0
MAT-1055,25,0.0
MAT-1055,26,1627.0
MAT-1055,27,1405.0
MAT-1055,28,0.0
MAT-1055,29,0.0
MAT-1055,30,0.0
MAT-1055,31,1762.0
MAT-1055,32,601.0
MAT-1055,33,0.0
MAT-1055,34,0.0
MAT-1055,35,811.0
MAT-1055,36,0.0
MAT-1055,37,0.0
MAT-1055,38,1534.0
MAT-1055,39,0.0
MAT-1055,40,0.0
MAT-1055,41,0.0
MAT-1055,42,0.0
MAT-1055,43,0.0
MAT-1055,44,1255.0
MAT-1055,45,0.0
MAT-1055,46,0.0
MAT-1055,47,0.0
MAT-1055,48,0.0
MAT-1055,49,0.0
MAT-1055,50,0.0
MAT-1055,51,0.0
MAT-1055,52,0.0
MAT-1055,53,0.0
MAT-1055,54,0.0
MAT-1055,55,971.0
MAT-1055,56,0.0
MAT-1055,57,0.0
MAT-1055,58,792.0
MAT-1055,59,0.0
MAT-1055,60,1568.0
MAT-1055,61,1322.0
MAT-1055,62,1521.0
MAT-1055,63,1259.0
MAT-1055,64,1393.0
MAT-1055,65,0.0
MAT-1055,66,0.0
MAT-1055,67,927.0
MAT-1055,68,1670.0
MAT-1055,69,0.0
MAT-1055,70,1716.0
MAT-1055,71,0.0
MAT-1055,72,0.0
MAT-1055,73,0.0
MAT-1055,74,0.0
MAT-1055,75,0.0
MAT-1055,76,0.0
MAT-1055,77,0.0
MAT-1055,78,750.0
MAT-1055,79,1423.0
MAT-1055,80,1715.0
MAT-1055,81,0.0
MAT-1055,82,0.0
MAT-1055,83,634.0
MAT-1055,84,1252.0
MAT-1055,85,0.0
MAT-1055,86,0.0
MAT-1055,87,0.0
MAT-1055,88,0.0
MAT-1055,89,1417.0
MAT-1055,90,0.0
MAT-1055,91,0.0
MAT-1055,92,0.0
MAT-1055,93,0.0
MAT-1055,94,0.0
MAT-1055,95,1098.0
MAT-1055,96,0.0
MAT-1055,97,0.0
MAT-1055,98,0.0
MAT-1055,99,0.0
MAT-1055,100,0.0
MAT-1055,101,1651.0
MAT-1055,102,0.0
MAT-1055,103,0.0
MAT-1055,104,1214.0
MAT-1056,1,32.0
MAT-1056,2,24.0
MAT-1056,3,31.0
MAT-1056,4,19.0
MAT-1056,5,18.0
MAT-1056,6,32.0
MAT-1056,7,29.0
MAT-1056,8,33.0
MAT-1056,9,23.0
MAT-1056,10,22.0
MAT-1056,11,36.0
MAT-1056,12,17.0
MAT-1056,13,35.0
MAT-1056,14,36.0
MAT-1056,15,33.0
MAT-1056,16,22.0
MAT-1056,17,21.0
MAT-1056,18,26.0
MAT-1056,19,18.0
MAT-1056,20,20.0
MAT-1056,21,31.0
MAT-1056,22,31.0
MAT-1056,23,20.0
MAT-1056,24,32.0
MAT-1056,25,30.0
MAT-1056,26,37.0
MAT-1056,27,31.0
MAT-1056,28,34.0
MAT-1056,29,30.0
MAT-1056,30,34.0
MAT-1056,31,18.0
MAT-1056,32,26.0
MAT-1056,33,27.0
MAT-1056,34,25.0
MAT-1056,35,30.0
MAT-1056,36,31.0
MAT-1056,37,30.0
MAT-1056,38,26.0
MAT-1056,39,22.0
MAT-1056,40,34.0
MAT-1056,41,29.0
MAT-1056,42,20.0
MAT-1056,43,26.0
MAT-1056,44,15.0
MAT-1056,45,27.0
MAT-1056,46,26.0
MAT-1056,47,23.0
MAT-1056,48,38.0
MAT-1056,49,19.0
MAT-1056,50,32.0
MAT-1056,51,42.0
MAT-1056,52,34.0
MAT-1056,53,27.0
MAT-1056,54,19.0
MAT-1056,55,18.0
MAT-1056,56,24.0
MAT-1056,57,22.0
MAT-1056,58,22.0
MAT-1056,59,25.0
MAT-1056,60,26.0
MAT-1056,61,30.0
MAT-1056,62,19.0
MAT-1056,63,22.0
MAT-1056,64,26.0
MAT-1056,65,26.0
MAT-1056,66,39.0
MAT-1056,67,29.0
MAT-1056,68,16.0
MAT-1056,69,30.0
MAT-1056,70,31.0
MAT-1056,71,26.0
MAT-1056,72,19.0
MAT-1056,73,39.0
MAT-1056,74,20.0
MAT-1056,75,31.0
MAT-1056,76,28.0
MAT-1056,77,31.0
MAT-1056,78,38.0
MAT-1056,79,31.0
MAT-1056,80,347.0
MAT-1056,81,34.0
MAT-1056,82,23.0
MAT-1056,83,28.0
MAT-1056,84,18.0
MAT-1056,85,20.0
MAT-1056,86,27.0
MAT-1056,87,29.0
MAT-1056,88,15.0
MAT-1056,89,30.0
MAT-1056,90,21.0
MAT-1056,91,36.0
MAT-1056,92,25.0
MAT-1056,93,19.0
MAT-1056,94,27.0
MAT-1056,95,21.0
MAT-1056,96,36.0
MAT-1056,97,27.0
MAT-1056,98,26.0
MAT-1056,99,31.0
MAT-1056,100,20.0
MAT-1056,101,18.0
MAT-1056,102,30.0
MAT-1056,103,20.0
MAT-1056,104,20.0
MAT-1057,1,187.0
MAT-1057,2,206.0
MAT-1057,3,207.0
MAT-1057,4,156.0
MAT-1057,5,174.0
MAT-1057,6,245.0
MAT-1057,7,301.0
MAT-1057,8,250.0
MAT-1057,9,231.0
MAT-1057,10,265.0
MAT-1057,11,209.0
MAT-1057,12,321.0
MAT-1057,13,273.0
MAT-1057,14,236.0
MAT-1057,15,257.0
MAT-1057,16,239.0
MAT-1057,17,318.0
MAT-1057,18,246.0
MAT-1057,19,257.0
MAT-1057,20,268.0
MAT-1057,21,203.0
MAT-1057,22,236.0
MAT-1057,23,230.0
MAT-1057,24,140.0
MAT-1057,25,209.0
MAT-1057,26,186.0
MAT-1057,27,183.0
MAT-1057,28,168.0
MAT-1057,29,167.0
MAT-1057,30,205.0
MAT-1057,31,84.0
MAT-1057,32,112.0
MAT-1057,33,148.0
MAT-1057,34,132.0
MAT-1057,35,124.0
MAT-1057,36,220.0
MAT-1057,37,121.0
MAT-1057,38,141.0
MAT-1057,39,76.0
MAT-1057,40,45.0
MAT-1057,41,75.0
MAT-1057,42,122.0
MAT-1057,43,112.0
MAT-1057,44,116.0
MAT-1057,45,95.0
MAT-1057,46,94.0
MAT-1057,47,110.0
MAT-1057,48,159.0
MAT-1057,49,173.0
MAT-1057,50,101.0
MAT-1057,51,189.0
MAT-1057,52,137.0
MAT-1057,53,198.0
MAT-1057,54,179.0
MAT-1057,55,267.0
MAT-1057,56,190.0
MAT-1057,57,226.0
MAT-1057,58,254.0
MAT-1057,59,197.0
MAT-1057,60,240.0
MAT-1057,61,238.0
MAT-1057,62,232.0
MAT-1057,63,240.0
MAT-1057,64,312.0
MAT-1057,65,238.0
MAT-1057,66,290.0
MAT-1057,67,279.0
MAT-1057,68,201.0
MAT-1057,69,283.0
MAT-1057,70,193.0
MAT-1057,71,277.0
MAT-1057,72,221.0
MAT-1057,73,236.0
MAT-1057,74,170.0
MAT-1057,75,223.0
MAT-1057,76,249.0
MAT-1057,77,162.0
MAT-1057,78,161.0
MAT-1057,79,197.0
MAT-1057,80,187.0
MAT-1057,81,48.0
MAT-1057,82,235.0
MAT-1057,83,159.0
MAT-1057,84,157.0
MAT-1057,85,112.0
MAT-1057,86,29.0
MAT-1057,87,134.0
MAT-1057,88,74.0
MAT-1057,89,118.0
MAT-1057,90,81.0
MAT-1057,91,100.0
MAT-1057,92,54.0
MAT-1057,93,127.0
MAT-1057,94,38.0
MAT-1057,95,193.0
MAT-1057,96,198.0
MAT-1057,97,176.0
MAT-1057,98,167.0
MAT-1057,99,114.0
MAT-1057,100,178.0
MAT-1057,101,132.0
MAT-1057,102,77.0
MAT-1057,103,222.0
MAT-1057,104,216.0
MAT-1058,1,275.0
MAT-1058,2,279.0
MAT-1058,3,344.0
MAT-1058,4,242.0
MAT-1058,5,357.0
MAT-1058,6,283.0
MAT-1058,7,331.0
MAT-1058,8,432.0
MAT-1058,9,307.0
MAT-1058,10,394.0
MAT-1058,11,177.0
MAT-1058,12,283.0
MAT-1058,13,323.0
MAT-1058,14,475.0
MAT-1058,15,164.0
MAT-1058,16,313.0
MAT-1058,17,437.0
MAT-1058,18,258.0
MAT-1058,19,304.0
MAT-1058,20,347.0
MAT-1058,21,335.0
MAT-1058,22,446.0
MAT-1058,23,357.0
MAT-1058,24,427.0
MAT-1058,25,292.0
MAT-1058,26,261.0
MAT-1058,27,303.0
MAT-1058,28,228.0
MAT-1058,29,359.0
MAT-1058,30,290.0
MAT-1058,31,267.0
MAT-1058,32,361.0
MAT-1058,33,229.0
MAT-1058,34,382.0
MAT-1058,35,282.0
MAT-1058,36,414.0
MAT-1058,37,289.0
MAT-1058,38,371.0
MAT-1058,39,335.0
MAT-1058,40,380.0
MAT-1058,41,330.0
MAT-1058,42,187.0
MAT-1058,43,402.0
MAT-1058,44,314.0
MAT-1058,45,384.0
MAT-1058,46,376.0
MAT-1058,47,259.0
MAT-1058,48,247.0
MAT-1058,49,373.0
MAT-1058,50,296.0
MAT-1058,51,396.0
MAT-1058,52,306.0
MAT-1058,53,403.0
MAT-1058,54,355.0
MAT-1058,55,344.0
MAT-1058,56,291.0
MAT-1058,57,339.0
MAT-1058,58,416.0
MAT-1058,59,316.0
MAT-1058,60,363.0
MAT-1058,61,324.0
MAT-1058,62,331.0
MAT-1058,63,459.0
MAT-1058,64,417.0
MAT-1058,65,327.0
MAT-1058,66,338.0
MAT-1058,67,264.0
MAT-1058,68,307.0
MAT-1058,69,346.0
MAT-1058,70,389.0
MAT-1058,71,381.0
MAT-1058,72,232.0
MAT-1058,73,399.0
MAT-1058,74,314.0
MAT-1058,75,242.0
MAT-1058,76,428.0
MAT-1058,77,438.0
MAT-1058,78,342.0
MAT-1058,79,378.0
MAT-1058,80,382.0
MAT-1058,81,433.0
MAT-1058,82,379.0
MAT-1058,83,214.0
MAT-1058,84,482.0
MAT-1058,85,406.0
MAT-1058,86,280.0
MAT-1058,87,238.0
MAT-1058,88,361.0
MAT-1058,89,298.0
MAT-1058,90,347.0
MAT-1058,91,380.0
MAT-1058,92,275.0
MAT-1058,93,231.0
MAT-1058,94,352.0
MAT-1058,95,278.0
MAT-1058,96,332.0
MAT-1058,97,4061.0
MAT-1058,98,300.0
MAT-1058,99,378.0
MAT-1058,100,369.0
MAT-1058,101,257.0
MAT-1058,102,227.0
MAT-1058,103,322.0
MAT-1058,104,366.0
MAT-1059,1,0.0
MAT-1059,2,0.0
MAT-1059,3,55.0
MAT-1059,4,0.0
MAT-1059,5,59.0
MAT-1059,6,69.0
MAT-1059,7,61.0
MAT-1059,8,0.0
MAT-1059,9,66.0
MAT-1059,10,74.0
MAT-1059,11,0.0
MAT-1059,12,0.0
MAT-1059,13,81.0
MAT-1059,14,37.0
MAT-1059,15,93.0
MAT-1059,16,0.0
MAT-1059,17,0.0
MAT-1059,18,40.0
MAT-1059,19,0.0
MAT-1059,20,0.0
MAT-1059,21,48.0
MAT-1059,22,51.0
MAT-1059,23,60.0
MAT-1059,24,52.0
MAT-1059,25,0.0
MAT-1059,26,0.0
MAT-1059,27,0.0
MAT-1059,28,0.0
MAT-1059,29,0.0
MAT-1059,30,0.0
MAT-1059,31,0.0
MAT-1059,32,0.0
MAT-1059,33,0.0
MAT-1059,34,0.0
MAT-1059,35,47.0
MAT-1059,36,0.0
MAT-1059,37,55.0
MAT-1059,38,0.0
MAT-1059,39,0.0
MAT-1059,40,0.0
MAT-1059,41,0.0
MAT-1059,42,79.0
MAT-1059,43,0.0
MAT-1059,44,63.0
MAT-1059,45,0.0
MAT-1059,46,0.0
MAT-1059,47,63.0
MAT-1059,48,0.0
MAT-1059,49,75.0
MAT-1059,50,0.0
MAT-1059,51,0.0
MAT-1059,52,0.0
MAT-1059,53,0.0
MAT-1059,54,0.0
MAT-1059,55,0.0
MAT-1059,56,0.0
MAT-1059,57,0.0
MAT-1059,58,0.0
MAT-1059,59,0.0
MAT-1059,60,0.0
MAT-1059,61,59.0
MAT-1059,62,34.0
MAT-1059,63,35.0
MAT-1059,64,61.0
MAT-1059,65,0.0
MAT-1059,66,28.0
MAT-1059,67,0.0
MAT-1059,68,71.0
MAT-1059,69,51.0
MAT-1059,70,0.0
MAT-1059,71,0.0
MAT-1059,72,0.0
MAT-1059,73,0.0
MAT-1059,74,0.0
MAT-1059,75,0.0
MAT-1059,76,68.0
MAT-1059,77,50.0
MAT-1059,78,0.0
MAT-1059,79,0.0
MAT-1059,80,0.0
MAT-1059,81,0.0
MAT-1059,82,80.0
MAT-1059,83,0.0
MAT-1059,84,0.0
MAT-1059,85,0.0
MAT-1059,86,52.0
MAT-1059,87,0.0
MAT-1059,88,62.0
MAT-1059,89,0.0
MAT-1059,90,72.0
MAT-1059,91,0.0
MAT-1059,92,58.0
MAT-1059,93,0.0
MAT-1059,94,0.0
MAT-1059,95,33.0
MAT-1059,96,0.0
MAT-1059,97,0.0
MAT-1059,98,0.0
MAT-1059,99,40.0
MAT-1059,100,0.0
MAT-1059,101,0.0
MAT-1059,102,0.0
MAT-1059,103,0.0
MAT-1059,104,0.0
MAT-1060,1,250.0
MAT-1060,2,260.0
MAT-1060,3,209.0
MAT-1060,4,148.0
MAT-1060,5,333.0
MAT-1060,6,255.0
MAT-1060,7,231.0
MAT-1060,8,298.0
MAT-1060,9,293.0
MAT-1060,10,327.0
MAT-1060,11,240.0
MAT-1060,12,289.0
MAT-1060,13,221.0
MAT-1060,14,308.0
MAT-1060,15,275.0
MAT-1060,16,287.0
MAT-1060,17,264.0
MAT-1060,18,255.0
MAT-1060,19,220.0
MAT-1060,20,290.0
MAT-1060,21,314.0
MAT-1060,22,211.0
MAT-1060,23,253.0
MAT-1060,24,237.0
MAT-1060,25,207.0
MAT-1060,26,125.0
MAT-1060,27,124.0
MAT-1060,28,137.0
MAT-1060,29,64.0
MAT-1060,30,217.0
MAT-1060,31,159.0
MAT-1060,32,131.0
MAT-1060,33,22.0
MAT-1060,34,31.0
MAT-1060,35,108.0
MAT-1060,36,194.0
MAT-1060,37,66.0
MAT-1060,38,135.0
MAT-1060,39,71.0
MAT-1060,40,95.0
MAT-1060,41,149.0
MAT-1060,42,79.0
MAT-1060,43,66.0
MAT-1060,44,168.0
MAT-1060,45,111.0
MAT-1060,46,166.0
MAT-1060,47,92.0
MAT-1060,48,197.0
MAT-1060,49,154.0
MAT-1060,50,172.0
MAT-1060,51,169.0
MAT-1060,52,150.0
MAT-1060,53,184.0
MAT-1060,54,175.0
MAT-1060,55,251.0
MAT-1060,56,208.0
MAT-1060,57,158.0
MAT-1060,58,159.0
MAT-1060,59,166.0
MAT-1060,60,282.0
MAT-1060,61,207.0
MAT-1060,62,280.0
MAT-1060,63,277.0
MAT-1060,64,271.0
MAT-1060,65,296.0
MAT-1060,66,284.0
MAT-1060,67,151.0
MAT-1060,68,259.0
MAT-1060,69,290.0
MAT-1060,70,342.0
MAT-1060,71,338.0
MAT-1060,72,191.0
MAT-1060,73,230.0
MAT-1060,74,165.0
MAT-1060,75,298.0
MAT-1060,76,264.0
MAT-1060,77,223.0
MAT-1060,78,203.0
MAT-1060,79,248.0
MAT-1060,80,229.0
MAT-1060,81,216.0
MAT-1060,82,173.0
MAT-1060,83,126.0
MAT-1060,84,167.0
MAT-1060,85,161.0
MAT-1060,86,107.0
MAT-1060,87,92.0
MAT-1060,88,155.0
MAT-1060,89,175.0
MAT-1060,90,60.0
MAT-1060,91,81.0
MAT-1060,92,108.0
MAT-1060,93,115.0
MAT-1060,94,71.0
MAT-1060,95,185.0
MAT-1060,96,122.0
MAT-1060,97,133.0
MAT-1060,98,197.0
MAT-1060,99,103.0
MAT-1060,100,128.0
MAT-1060,101,84.0
MAT-1060,102,144.0
MAT-1060,103,94.0
MAT-1060,104,208.0
